cell id,Median visual peak response,Modulation by locomotion,cell type
01470_20210121_Analyzed_0001_012,2.443043573,0.000961784,Gad2-LGN
01470_20210121_Analyzed_0001_013,0.283817855,-0.08350722,Gad2-LGN
01470_20210121_Analyzed_0001_014,5.07969484,-0.007983045,Gad2-LGN
01470_20210121_Analyzed_0001_015,0.366133503,0.101969811,Gad2-LGN
01470_20210121_Analyzed_0001_016,4.853925793,-0.035327163,Gad2-LGN
01470_20210121_Analyzed_0001_036,0.054009957,0.11131802,Gad2-LGN
01470_20210121_Analyzed_0001_038,0.199701426,-0.013569238,Gad2-LGN
01470_20210121_Analyzed_0001_039,0.325945386,0.001132045,Gad2-LGN
01470_20210121_Analyzed_0001_040,0.109744738,0.01182877,Gad2-LGN
01470_20210121_Analyzed_0001_047,0.320534693,-0.005316698,Gad2-LGN
01470_20210121_Analyzed_0001_065,0.16027833,-0.017632756,Gad2-LGN
01470_20210121_Analyzed_0002_029,1.410226995,0.089241433,Gad2-LGN
01470_20210121_Analyzed_0002_031,1.12998204,-0.000639419,Gad2-LGN
01470_20210121_Analyzed_0002_035,0.033847778,-0.130980489,Gad2-LGN
01470_20210121_Analyzed_0002_040,0.159449432,0.198723336,Gad2-LGN
01470_20210121_Analyzed_0002_042,0.14099282,0.168932868,Gad2-LGN
01470_20210121_Analyzed_0002_052,0.079848641,0.046462945,Gad2-LGN
01470_20210121_Analyzed_0002_053,0.063634135,-0.025174636,Gad2-LGN
01470_20210121_Analyzed_0002_063,0.111586563,-0.019537534,Gad2-LGN
01470_20210121_Analyzed_0002_081,0.981536864,-0.02382007,Gad2-LGN
01470_20210121_Analyzed_0002_082,0.617586843,0.010292167,Gad2-LGN
01470_20210121_Analyzed_0002_084,1.266825255,0.00697459,Gad2-LGN
01470_20210121_Analyzed_0003_018,0.935117241,0.299366427,Gad2-LGN
01470_20210121_Analyzed_0003_021,1.938886058,-0.000516114,Gad2-LGN
01470_20210121_Analyzed_0003_023,0.57715628,-0.026460069,Gad2-LGN
01470_20210121_Analyzed_0003_024,1.315438276,-0.002505619,Gad2-LGN
01470_20210121_Analyzed_0003_028,0.487232922,0.000942535,Gad2-LGN
01470_20210121_Analyzed_0003_029,0.588705824,-0.014936374,Gad2-LGN
01470_20210121_Analyzed_0003_030,0.033306007,-0.303872581,Gad2-LGN
01470_20210121_Analyzed_0003_032,0.381603967,0.038371248,Gad2-LGN
01470_20210121_Analyzed_0003_036,0.496735012,0.002568845,Gad2-LGN
01470_20210121_Analyzed_0003_040,0.45871079,0.012833589,Gad2-LGN
01470_20210121_Analyzed_0003_059,0.092916312,-0.008996458,Gad2-LGN
01470_20210121_Analyzed_0003_069,0.194615728,-0.129446581,Gad2-LGN
01470_20210121_Analyzed_0003_071,1.473406907,0.021153277,Gad2-LGN
01470_20210121_Analyzed_0003_075,0.397087482,0.076570369,Gad2-LGN
01470_20210121_Analyzed_0003_077,0.771846453,0.024286357,Gad2-LGN
01470_20210121_Analyzed_0004_017,0.177717477,1.768834745,Gad2-LGN
01470_20210121_Analyzed_0004_018,0.154471694,-1.236381274,Gad2-LGN
01470_20210121_Analyzed_0004_020,2.703258918,0.021866071,Gad2-LGN
01470_20210121_Analyzed_0004_021,2.874457801,0.008103174,Gad2-LGN
01470_20210121_Analyzed_0004_029,0.593459884,0.166404637,Gad2-LGN
01470_20210121_Analyzed_0004_030,0.75946792,0.023571894,Gad2-LGN
01470_20210121_Analyzed_0004_031,0.589933995,-0.010046377,Gad2-LGN
01470_20210121_Analyzed_0004_032,0.048923694,0.144280745,Gad2-LGN
01470_20210121_Analyzed_0004_041,0.187934561,0.158946722,Gad2-LGN
01470_20210121_Analyzed_0004_044,0.670887931,-0.003258961,Gad2-LGN
01470_20210121_Analyzed_0004_081,0.55778408,0.089760719,Gad2-LGN
01470_20210121_Analyzed_0004_082,1.01970994,0.013530656,Gad2-LGN
01470_20210121_Analyzed_0004_083,0.795225475,0.0396688,Gad2-LGN
01470_20210121_Analyzed_0004_087,0.107470399,-0.005080338,Gad2-LGN
01470_20210121_Analyzed_0004_088,0.093454669,-0.038461343,Gad2-LGN
01470_20210121_Analyzed_0004_091,0.104680829,0.028047568,Gad2-LGN
01470_20210121_Analyzed_0004_092,0.243879943,0.003227471,Gad2-LGN
01470_20210121_Analyzed_0004_093,0.694363032,-0.005328787,Gad2-LGN
01470_20210121_Analyzed_0004_095,0.27766414,4.655894133,Gad2-LGN
01471_20210121_Analyzed_0001_548,0.52702356,,Gad2-LGN
01470_20210122_Analyzed_0001_021,0.611624413,0.052982646,Gad2-LGN
01470_20210122_Analyzed_0001_024,0.433745224,0.03571327,Gad2-LGN
01470_20210122_Analyzed_0001_026,0.143230739,1.115355516,Gad2-LGN
01470_20210122_Analyzed_0001_027,0.163949202,0.033491176,Gad2-LGN
01470_20210122_Analyzed_0001_028,0.069141372,0.139326613,Gad2-LGN
01470_20210122_Analyzed_0001_029,0.203421185,3.803356444,Gad2-LGN
01470_20210122_Analyzed_0001_030,0.267679838,0.00437111,Gad2-LGN
01470_20210122_Analyzed_0001_031,0.176045135,0.614604464,Gad2-LGN
01470_20210122_Analyzed_0001_038,0.28351198,-0.004136507,Gad2-LGN
01470_20210122_Analyzed_0001_057,0.759133302,0.865473716,Gad2-LGN
01470_20210122_Analyzed_0001_058,0.424320822,0.060281693,Gad2-LGN
01470_20210122_Analyzed_0001_060,0.153257639,0.081111983,Gad2-LGN
01470_20210122_Analyzed_0001_061,0.262256847,0.744951735,Gad2-LGN
01470_20210122_Analyzed_0001_062,0.055137565,-0.102032048,Gad2-LGN
01470_20210122_Analyzed_0001_064,0.165885503,-0.00875337,Gad2-LGN
01470_20210122_Analyzed_0002_012,0.373635401,0.004608892,Gad2-LGN
01470_20210122_Analyzed_0002_014,0.846855352,0.050905617,Gad2-LGN
01470_20210122_Analyzed_0002_022,0.111678717,-0.007038213,Gad2-LGN
01470_20210122_Analyzed_0002_027,0.505140354,0.14691231,Gad2-LGN
01470_20210122_Analyzed_0002_028,0.483892192,0.128767478,Gad2-LGN
01470_20210122_Analyzed_0002_029,0.684638154,0.005957443,Gad2-LGN
01470_20210122_Analyzed_0002_031,0.246011452,-0.119674935,Gad2-LGN
01470_20210122_Analyzed_0002_032,0.039948601,0.101647993,Gad2-LGN
01470_20210122_Analyzed_0002_033,0.054647662,-0.161466531,Gad2-LGN
01470_20210122_Analyzed_0002_037,0.346294051,3.953215988,Gad2-LGN
01470_20210122_Analyzed_0002_042,0.278313764,0.077430615,Gad2-LGN
01470_20210122_Analyzed_0002_044,0.440206608,0.043397386,Gad2-LGN
01470_20210122_Analyzed_0002_046,0.216975984,0.036583595,Gad2-LGN
01470_20210122_Analyzed_0002_099,0.817149002,1.393737357,Gad2-LGN
01470_20210122_Analyzed_0002_103,0.43204763,-0.452547561,Gad2-LGN
01470_20210122_Analyzed_0002_104,0.431714162,-0.841196083,Gad2-LGN
01470_20210122_Analyzed_0002_108,0.144099365,1.481354962,Gad2-LGN
01470_20210122_Analyzed_0002_115,0.124862589,0.079168598,Gad2-LGN
01470_20210122_Analyzed_0003_015,3.092217961,-0.039390099,Gad2-LGN
01470_20210122_Analyzed_0003_026,2.261420845,0.104956008,Gad2-LGN
01470_20210122_Analyzed_0003_027,0.919229257,0.032843168,Gad2-LGN
01470_20210122_Analyzed_0003_029,0.079688892,-0.631351601,Gad2-LGN
01470_20210122_Analyzed_0003_030,0.804495396,-0.014338159,Gad2-LGN
01470_20210122_Analyzed_0003_031,0.303957758,-0.01760917,Gad2-LGN
01470_20210122_Analyzed_0003_033,0.54268165,-0.170392165,Gad2-LGN
01470_20210122_Analyzed_0003_034,0.350955854,0.005654961,Gad2-LGN
01470_20210122_Analyzed_0003_043,0.158755013,-0.563217833,Gad2-LGN
01470_20210122_Analyzed_0003_044,0.157360554,-2.141632768,Gad2-LGN
01470_20210122_Analyzed_0003_054,0.326694111,-0.005901658,Gad2-LGN
01470_20210122_Analyzed_0003_071,0.133809621,-0.075820015,Gad2-LGN
01470_20210122_Analyzed_0003_073,0.496302461,-0.020005826,Gad2-LGN
01470_20210122_Analyzed_0003_082,0.454982676,0.04152942,Gad2-LGN
01470_20210122_Analyzed_0003_136,0.121058611,2.17946958,Gad2-LGN
01470_20210122_Analyzed_0003_140,0.640165892,0.060640043,Gad2-LGN
01470_20210122_Analyzed_0003_142,0.123052892,-0.125148535,Gad2-LGN
01470_20210122_Analyzed_0003_148,1.329795078,0.176370373,Gad2-LGN
01470_20210122_Analyzed_0003_149,2.585942945,-0.003578509,Gad2-LGN
01470_20210122_Analyzed_0003_151,0.108159621,3.264620153,Gad2-LGN
01470_20210122_Analyzed_0004_001,1.606279569,0.069223081,Gad2-LGN
01470_20210122_Analyzed_0004_002,1.101132271,0.011740798,Gad2-LGN
01470_20210122_Analyzed_0004_003,1.024956288,0.043825878,Gad2-LGN
01470_20210122_Analyzed_0004_009,3.358889509,-0.10593237,Gad2-LGN
01470_20210122_Analyzed_0004_010,3.526131669,1.44498923,Gad2-LGN
01470_20210122_Analyzed_0004_024,1.508416546,0.858452485,Gad2-LGN
01470_20210122_Analyzed_0004_038,0.450269275,0.067831259,Gad2-LGN
01470_20210122_Analyzed_0004_085,0.312024604,0.137590538,Gad2-LGN
01470_20210122_Analyzed_0004_175,0.299498627,0.014516704,Gad2-LGN
01470_20210122_Analyzed_0004_178,3.757827985,0.082971331,Gad2-LGN
01470_20210122_Analyzed_0004_180,0.216346255,0.09914622,Gad2-LGN
01470_20210122_Analyzed_0004_184,1.369844158,0.590480496,Gad2-LGN
01470_20210125_Analyzed_0001_041,1.029844176,0.004344524,Gad2-LGN
01470_20210125_Analyzed_0001_043,0.262388457,0.996812704,Gad2-LGN
01470_20210125_Analyzed_0001_047,0.120502271,1.647072014,Gad2-LGN
01470_20210125_Analyzed_0001_048,0.095248911,-5.848594103,Gad2-LGN
01470_20210125_Analyzed_0001_053,1.098887754,0.003253288,Gad2-LGN
01470_20210125_Analyzed_0001_054,1.421437157,-0.003897024,Gad2-LGN
01470_20210125_Analyzed_0001_058,0.050122053,1.053198699,Gad2-LGN
01470_20210125_Analyzed_0001_059,0.053473642,13.71399843,Gad2-LGN
01470_20210125_Analyzed_0001_060,0.289039615,0.032704467,Gad2-LGN
01470_20210125_Analyzed_0001_061,0.256723541,11.92935468,Gad2-LGN
01470_20210125_Analyzed_0001_065,,,Gad2-LGN
01470_20210125_Analyzed_0001_065,,,Gad2-LGN
01470_20210125_Analyzed_0001_066,0.131947582,-0.187492011,Gad2-LGN
01470_20210125_Analyzed_0001_068,0.33552478,0.670531557,Gad2-LGN
01470_20210125_Analyzed_0001_074,0.505078784,-0.039393171,Gad2-LGN
01470_20210125_Analyzed_0001_075,0.219810653,3.851540509,Gad2-LGN
01470_20210125_Analyzed_0001_077,0.183108563,0.381613962,Gad2-LGN
01470_20210125_Analyzed_0001_078,0.943265891,0.000209849,Gad2-LGN
01470_20210125_Analyzed_0001_079,0.525940662,0.066302207,Gad2-LGN
01470_20210125_Analyzed_0001_091,0.252185458,0.164177452,Gad2-LGN
01470_20210125_Analyzed_0001_122,0.325632654,1.166657905,Gad2-LGN
01470_20210125_Analyzed_0001_123,0.52800698,0.027066745,Gad2-LGN
01470_20210125_Analyzed_0001_124,0.532329621,0.656285193,Gad2-LGN
01470_20210125_Analyzed_0001_125,0.10158416,4.522874441,Gad2-LGN
01470_20210125_Analyzed_0001_126,0.296834634,0.102657505,Gad2-LGN
01470_20210125_Analyzed_0001_127,0.214611073,0.365144096,Gad2-LGN
01470_20210125_Analyzed_0001_129,0.464944216,0.766518281,Gad2-LGN
01470_20210125_Analyzed_0001_137,0.665973468,0.012777619,Gad2-LGN
01470_20210125_Analyzed_0001_142,0.351862398,-0.065609484,Gad2-LGN
01470_20210125_Analyzed_0001_145,0.302917871,4.836783022,Gad2-LGN
01470_20210125_Analyzed_0002_005,3.695114886,2.559615787,Gad2-LGN
01470_20210125_Analyzed_0002_007,0.841847271,0.003844734,Gad2-LGN
01470_20210125_Analyzed_0002_008,0.163779388,1.706839996,Gad2-LGN
01470_20210125_Analyzed_0002_009,0.788708579,0.025064948,Gad2-LGN
01470_20210125_Analyzed_0002_012,1.024026477,0.004459804,Gad2-LGN
01470_20210125_Analyzed_0002_013,0.885329132,2.957614238,Gad2-LGN
01470_20210125_Analyzed_0002_014,7.357712948,0.005115173,Gad2-LGN
01470_20210125_Analyzed_0002_015,4.250189375,0.005583084,Gad2-LGN
01470_20210125_Analyzed_0002_018,0.442042026,0.062940595,Gad2-LGN
01470_20210125_Analyzed_0002_019,7.1099475,0.046559011,Gad2-LGN
01470_20210125_Analyzed_0002_020,0.088965046,-0.221079796,Gad2-LGN
01470_20210125_Analyzed_0002_022,0.139519689,0.347093647,Gad2-LGN
01470_20210125_Analyzed_0002_024,0.170577401,0.122510827,Gad2-LGN
01470_20210125_Analyzed_0002_025,1.567089999,0.021365938,Gad2-LGN
01470_20210125_Analyzed_0002_026,3.921386849,0.026328252,Gad2-LGN
01470_20210125_Analyzed_0002_027,0.092862707,1.170964954,Gad2-LGN
01470_20210125_Analyzed_0002_028,0.438163984,0.010973235,Gad2-LGN
01470_20210125_Analyzed_0002_029,4.303747224,0.043190623,Gad2-LGN
01470_20210125_Analyzed_0002_030,1.711833291,0.011701542,Gad2-LGN
01470_20210125_Analyzed_0002_031,3.434974055,0.002713797,Gad2-LGN
01470_20210125_Analyzed_0002_032,0.295272837,-0.252455725,Gad2-LGN
01470_20210125_Analyzed_0002_033,1.219162656,0.019310469,Gad2-LGN
01470_20210125_Analyzed_0002_034,1.402421656,0.01144735,Gad2-LGN
01470_20210125_Analyzed_0002_040,0.143803232,0.366979728,Gad2-LGN
01470_20210125_Analyzed_0002_043,1.015209432,0.008118037,Gad2-LGN
01470_20210125_Analyzed_0002_044,0.153508938,-0.127614992,Gad2-LGN
01470_20210125_Analyzed_0002_047,0.267367462,-0.123600402,Gad2-LGN
01470_20210125_Analyzed_0002_048,0.268360582,-0.106771388,Gad2-LGN
01470_20210125_Analyzed_0002_049,0.760356586,0.019131736,Gad2-LGN
01470_20210125_Analyzed_0002_050,0.301890645,-0.069661072,Gad2-LGN
01470_20210125_Analyzed_0002_051,8.808730037,0.008861084,Gad2-LGN
01470_20210125_Analyzed_0002_052,5.68050957,0.027470244,Gad2-LGN
01470_20210125_Analyzed_0002_053,0.195497437,-0.360900884,Gad2-LGN
01470_20210125_Analyzed_0002_054,0.152333438,-0.730630991,Gad2-LGN
01470_20210125_Analyzed_0002_056,0.49286329,0.02498845,Gad2-LGN
01470_20210125_Analyzed_0002_057,2.328372935,0.013046147,Gad2-LGN
01470_20210125_Analyzed_0002_058,3.213558994,0.043608326,Gad2-LGN
01470_20210125_Analyzed_0002_059,0.813288155,0.008234984,Gad2-LGN
01470_20210125_Analyzed_0002_061,8.559025402,0.017337974,Gad2-LGN
01470_20210125_Analyzed_0002_062,0.094725587,-0.414146112,Gad2-LGN
01470_20210125_Analyzed_0003_005,6.512441158,0.006491189,Gad2-LGN
01470_20210125_Analyzed_0003_007,0.321733927,0.141628391,Gad2-LGN
01470_20210125_Analyzed_0003_008,0.492257095,0.006145912,Gad2-LGN
01470_20210125_Analyzed_0003_010,4.179489806,-0.018237039,Gad2-LGN
01470_20210125_Analyzed_0003_015,0.08506259,-0.25589129,Gad2-LGN
01470_20210125_Analyzed_0003_017,0.259101382,-0.086167501,Gad2-LGN
01470_20210125_Analyzed_0003_018,0.511207838,0.01412523,Gad2-LGN
01470_20210125_Analyzed_0003_019,0.850658385,0.027956213,Gad2-LGN
01470_20210125_Analyzed_0003_026,0.235311533,0.015292407,Gad2-LGN
01470_20210125_Analyzed_0003_027,0.249188278,-0.001491553,Gad2-LGN
01470_20210125_Analyzed_0003_031,0.427552942,0.421810362,Gad2-LGN
01470_20210125_Analyzed_0003_032,1.043441241,0.073807325,Gad2-LGN
01470_20210125_Analyzed_0003_033,0.45155202,0.31217421,Gad2-LGN
01470_20210125_Analyzed_0003_034,0.097235502,-0.129261152,Gad2-LGN
01470_20210125_Analyzed_0003_035,5.345344675,0.101934278,Gad2-LGN
01470_20210125_Analyzed_0003_036,0.070197726,-0.519401701,Gad2-LGN
01470_20210125_Analyzed_0004_006,4.29298449,-0.001336508,Gad2-LGN
01470_20210125_Analyzed_0004_008,0.395342671,0.140824918,Gad2-LGN
01470_20210125_Analyzed_0004_011,0.328214944,0.057623319,Gad2-LGN
01470_20210125_Analyzed_0004_012,0.748995719,-0.00256605,Gad2-LGN
01470_20210125_Analyzed_0004_017,1.525036364,0.011734518,Gad2-LGN
01470_20210125_Analyzed_0004_025,1.707636582,-0.283713287,Gad2-LGN
01470_20210125_Analyzed_0004_026,0.398484621,0.051092202,Gad2-LGN
01470_20210125_Analyzed_0004_027,0.519330539,0.003034751,Gad2-LGN
01470_20210125_Analyzed_0004_073,0.161551669,6.571753466,Gad2-LGN
01470_20210125_Analyzed_0004_075,0.416739014,-0.021125195,Gad2-LGN
01470_20210125_Analyzed_0004_086,0.321392247,0.028567166,Gad2-LGN
01470_20210125_Analyzed_0004_088,1.562873115,0.021215609,Gad2-LGN
01470_20210125_Analyzed_0004_091,0.250100725,0.018214278,Gad2-LGN
01470_20210125_Analyzed_0004_092,0.090928387,-0.073535466,Gad2-LGN
01470_20210125_Analyzed_0004_094,1.669017576,-0.309891886,Gad2-LGN
01471_20210125_Analyzed_0001_006,0.36394747,-0.027879994,Gad2-LGN
01471_20210125_Analyzed_0001_017,0.680567436,-0.029365786,Gad2-LGN
01471_20210125_Analyzed_0001_021,1.188556045,0.027197021,Gad2-LGN
01471_20210125_Analyzed_0001_030,0.455766625,0.048922214,Gad2-LGN
01471_20210125_Analyzed_0001_031,0.584676993,0.030293103,Gad2-LGN
01471_20210125_Analyzed_0001_033,0.201403538,0.073226756,Gad2-LGN
01471_20210125_Analyzed_0001_034,0.438680496,0.091725885,Gad2-LGN
01471_20210125_Analyzed_0001_039,0.441723019,0.039512101,Gad2-LGN
01471_20210125_Analyzed_0002_002,0.318964431,0.001100722,Gad2-LGN
01471_20210125_Analyzed_0002_003,0.32582961,0.00426263,Gad2-LGN
01471_20210125_Analyzed_0002_049,0.663298628,-0.053423291,Gad2-LGN
01471_20210125_Analyzed_0002_052,0.430279281,0.000688873,Gad2-LGN
01471_20210125_Analyzed_0002_053,0.732965218,-0.010755556,Gad2-LGN
01471_20210125_Analyzed_0002_054,0.395098638,0.000610059,Gad2-LGN
01471_20210125_Analyzed_0002_058,0.350927234,-0.021476099,Gad2-LGN
01471_20210125_Analyzed_0002_097,0.675059949,0.063518576,Gad2-LGN
01471_20210125_Analyzed_0002_100,0.195743001,0.001910554,Gad2-LGN
01471_20210125_Analyzed_0002_102,0.220404674,-0.551594976,Gad2-LGN
01471_20210125_Analyzed_0003_009,0.375893758,0.000300991,Gad2-LGN
01471_20210125_Analyzed_0003_052,0.38020692,-0.001154018,Gad2-LGN
01471_20210125_Analyzed_0004_009,0.352896215,-0.189409194,Gad2-LGN
01471_20210125_Analyzed_0004_053,0.329872347,-0.009262243,Gad2-LGN
01471_20210125_Analyzed_0004_054,1.087604192,-0.003939626,Gad2-LGN
01488_20210302_Analyzed_0001_001,0.321797535,0.46336875,Gad2-LGN
01488_20210302_Analyzed_0001_006,0.187323561,0.610583795,Gad2-LGN
01488_20210302_Analyzed_0001_008,0.339419182,0.068199645,Gad2-LGN
01488_20210302_Analyzed_0001_010,0.381132721,1.770529156,Gad2-LGN
01488_20210302_Analyzed_0001_011,0.25901555,-0.998322647,Gad2-LGN
01488_20210302_Analyzed_0001_012,0.216832501,0.397148506,Gad2-LGN
01488_20210302_Analyzed_0001_013,0.284855618,-0.44572622,Gad2-LGN
01488_20210302_Analyzed_0001_014,0.115789448,-0.682081461,Gad2-LGN
01488_20210302_Analyzed_0001_018,0.189479136,-0.024142385,Gad2-LGN
01488_20210302_Analyzed_0001_019,0.157913659,0.362313121,Gad2-LGN
01488_20210302_Analyzed_0001_020,0.57725129,0.113821942,Gad2-LGN
01488_20210302_Analyzed_0001_021,0.234043756,0.477030254,Gad2-LGN
01488_20210302_Analyzed_0001_022,0.377366728,1.176114478,Gad2-LGN
01488_20210302_Analyzed_0001_024,0.262111285,-0.108278833,Gad2-LGN
01488_20210302_Analyzed_0001_025,0.560771623,0.055938732,Gad2-LGN
01488_20210302_Analyzed_0001_026,0.444358568,0.096799118,Gad2-LGN
01488_20210302_Analyzed_0001_027,0.786999162,-0.157833887,Gad2-LGN
01488_20210302_Analyzed_0001_029,0.871715152,0.567599444,Gad2-LGN
01488_20210302_Analyzed_0001_032,0.637905814,-0.422157775,Gad2-LGN
01488_20210302_Analyzed_0001_033,0.408336617,1.034591283,Gad2-LGN
01488_20210302_Analyzed_0001_034,0.307118115,0.781707514,Gad2-LGN
01488_20210302_Analyzed_0001_037,0.620905105,0.141115467,Gad2-LGN
01488_20210302_Analyzed_0001_038,0.326915085,0.233015691,Gad2-LGN
01488_20210302_Analyzed_0001_044,0.568038524,0.011838422,Gad2-LGN
01488_20210302_Analyzed_0001_047,0.457286424,0.784445863,Gad2-LGN
01488_20210302_Analyzed_0001_055,0.787203645,0.404176144,Gad2-LGN
01488_20210302_Analyzed_0001_056,0.426408584,0.150012999,Gad2-LGN
01488_20210302_Analyzed_0001_057,0.202074233,1.782652795,Gad2-LGN
01488_20210302_Analyzed_0001_061,0.237147212,0.260712283,Gad2-LGN
01488_20210302_Analyzed_0001_062,0.300124911,0.179323309,Gad2-LGN
01488_20210302_Analyzed_0001_065,0.361385762,0.130447197,Gad2-LGN
01488_20210302_Analyzed_0001_066,0.949382936,0.192764585,Gad2-LGN
01488_20210302_Analyzed_0001_068,0.345005662,-0.047225283,Gad2-LGN
01488_20210302_Analyzed_0001_072,0.457331387,-1.223699728,Gad2-LGN
01488_20210302_Analyzed_0001_074,0.324068536,-0.127823228,Gad2-LGN
01488_20210302_Analyzed_0001_075,0.673824905,-0.110901478,Gad2-LGN
01488_20210302_Analyzed_0001_078,0.241272059,1.139585618,Gad2-LGN
01488_20210302_Analyzed_0001_082,0.181811112,-0.810822296,Gad2-LGN
01488_20210302_Analyzed_0001_085,0.494434713,-0.093353059,Gad2-LGN
01488_20210302_Analyzed_0001_087,0.11120879,1.47965047,Gad2-LGN
01488_20210302_Analyzed_0001_090,1.426898809,0.020281821,Gad2-LGN
01488_20210302_Analyzed_0002_000,0.284427107,0.261792696,Gad2-LGN
01488_20210302_Analyzed_0002_007,0.133534225,0.267579157,Gad2-LGN
01488_20210302_Analyzed_0002_008,0.133133332,0.078197894,Gad2-LGN
01488_20210302_Analyzed_0002_011,0.07346683,1.475954305,Gad2-LGN
01488_20210302_Analyzed_0002_012,0.110955456,-0.944975509,Gad2-LGN
01488_20210302_Analyzed_0002_015,0.232644352,5.186835922,Gad2-LGN
01488_20210302_Analyzed_0002_016,0.409122787,0.279017304,Gad2-LGN
01488_20210302_Analyzed_0002_018,0.045694261,4.639028259,Gad2-LGN
01488_20210302_Analyzed_0002_019,0.46422721,2.062826582,Gad2-LGN
01488_20210302_Analyzed_0002_021,0.114412607,-0.225800572,Gad2-LGN
01488_20210302_Analyzed_0002_022,0.79331809,-0.479640141,Gad2-LGN
01488_20210302_Analyzed_0002_023,1.265415675,-0.043121822,Gad2-LGN
01488_20210302_Analyzed_0002_024,0.748752869,9.22998997,Gad2-LGN
01488_20210302_Analyzed_0002_025,0.761614128,2.527131387,Gad2-LGN
01488_20210302_Analyzed_0002_026,0.596620922,2.849054236,Gad2-LGN
01488_20210302_Analyzed_0002_027,1.227153133,-1.761132777,Gad2-LGN
01488_20210302_Analyzed_0002_028,0.440123035,-0.750320404,Gad2-LGN
01488_20210302_Analyzed_0002_029,0.475752732,-0.58181784,Gad2-LGN
01488_20210302_Analyzed_0002_030,0.339294642,0.058656488,Gad2-LGN
01488_20210302_Analyzed_0002_031,0.944517814,-1.351086473,Gad2-LGN
01488_20210302_Analyzed_0002_032,0.269443421,-0.628219201,Gad2-LGN
01488_20210302_Analyzed_0002_033,0.592452413,2.982032748,Gad2-LGN
01488_20210302_Analyzed_0002_034,0.635472741,2.283097219,Gad2-LGN
01488_20210302_Analyzed_0002_035,0.866705687,0.009342076,Gad2-LGN
01488_20210302_Analyzed_0002_036,0.858867301,0.298177657,Gad2-LGN
01488_20210302_Analyzed_0002_038,0.418286279,0.336704657,Gad2-LGN
01488_20210302_Analyzed_0002_042,0.349511578,-0.716615452,Gad2-LGN
01488_20210302_Analyzed_0002_043,0.422137366,0.985885444,Gad2-LGN
01488_20210302_Analyzed_0002_060,0.457874997,-0.786559408,Gad2-LGN
01488_20210302_Analyzed_0002_063,0.193260008,-0.037273031,Gad2-LGN
01488_20210302_Analyzed_0002_064,0.282291363,-0.999746615,Gad2-LGN
01488_20210302_Analyzed_0003_012,0.080886884,-0.362136297,Gad2-LGN
01488_20210302_Analyzed_0003_013,0.072285309,0.122048215,Gad2-LGN
01488_20210302_Analyzed_0003_006,0.050824322,16.15102444,Gad2-LGN
01488_20210302_Analyzed_0003_016,1.65286105,0.241106664,Gad2-LGN
01488_20210302_Analyzed_0003_021,0.510987649,2.050270997,Gad2-LGN
01488_20210302_Analyzed_0003_023,0.708468497,2.313321045,Gad2-LGN
01488_20210302_Analyzed_0003_024,0.650324554,6.461704182,Gad2-LGN
01488_20210302_Analyzed_0003_025,0.567776373,0.621530766,Gad2-LGN
01488_20210302_Analyzed_0003_026,0.579663139,11.62261766,Gad2-LGN
01488_20210302_Analyzed_0003_027,0.423540726,4.858290677,Gad2-LGN
01488_20210302_Analyzed_0003_029,0.643879276,0.942435105,Gad2-LGN
01488_20210302_Analyzed_0003_030,0.961894627,0.693558194,Gad2-LGN
01488_20210302_Analyzed_0003_032,0.984475672,0.31678941,Gad2-LGN
01488_20210302_Analyzed_0003_033,1.588800743,1.967448318,Gad2-LGN
01488_20210302_Analyzed_0003_034,0.202575141,1.831799331,Gad2-LGN
01488_20210302_Analyzed_0003_035,0.148558481,-1.229138765,Gad2-LGN
01488_20210302_Analyzed_0003_036,0.366948494,-0.175221775,Gad2-LGN
01488_20210302_Analyzed_0003_037,1.067856601,-0.089676731,Gad2-LGN
01488_20210302_Analyzed_0003_038,0.715924765,-0.640899438,Gad2-LGN
01488_20210302_Analyzed_0003_039,0.238253538,0.974253586,Gad2-LGN
01488_20210302_Analyzed_0003_041,1.033366213,-0.183443524,Gad2-LGN
01488_20210302_Analyzed_0003_044,0.165102078,6.729641911,Gad2-LGN
01488_20210302_Analyzed_0003_045,0.053301344,-10.68405751,Gad2-LGN
01488_20210302_Analyzed_0003_046,0.943820725,2.018000171,Gad2-LGN
01488_20210302_Analyzed_0003_047,0.289701954,-0.281051911,Gad2-LGN
01488_20210302_Analyzed_0003_048,0.615183127,2.910521154,Gad2-LGN
01488_20210302_Analyzed_0003_049,0.46588466,-0.164514966,Gad2-LGN
01488_20210302_Analyzed_0003_060,0.444690521,6.011873079,Gad2-LGN
01488_20210302_Analyzed_0003_061,0.507388699,0.178544306,Gad2-LGN
01488_20210302_Analyzed_0003_062,0.252051211,4.905263391,Gad2-LGN
01488_20210302_Analyzed_0003_064,0.250796743,0.593397487,Gad2-LGN
01488_20210302_Analyzed_0003_065,0.338234992,-0.029176781,Gad2-LGN
01488_20210302_Analyzed_0003_069,0.220413763,-8.89208484,Gad2-LGN
01488_20210302_Analyzed_0003_070,0.241706729,3.619205344,Gad2-LGN
01488_20210302_Analyzed_0003_071,0.418106223,-0.206550687,Gad2-LGN
01488_20210302_Analyzed_0003_072,0.720188071,-0.338429465,Gad2-LGN
01488_20210302_Analyzed_0003_074,0.451845725,-0.091670444,Gad2-LGN
01488_20210302_Analyzed_0003_076,0.842093183,-4.122874193,Gad2-LGN
01488_20210302_Analyzed_0003_079,0.088852679,1.319433294,Gad2-LGN
01488_20210302_Analyzed_0003_081,0.057625611,11.18206506,Gad2-LGN
01488_20210302_Analyzed_0003_084,0.595043952,0.944495436,Gad2-LGN
01488_20210302_Analyzed_0003_087,0.413545973,-0.477678864,Gad2-LGN
01488_20210302_Analyzed_0003_089,1.598629272,1.025083272,Gad2-LGN
01488_20210302_Analyzed_0003_092,0.304283991,14.97039738,Gad2-LGN
01488_20210302_Analyzed_0003_095,0.086935411,3.850582914,Gad2-LGN
01488_20210302_Analyzed_0003_096,0.347953252,1.487492829,Gad2-LGN
01488_20210302_Analyzed_0004_002,0.507399241,2.21141888,Gad2-LGN
01488_20210302_Analyzed_0004_011,0.201342434,6.383990233,Gad2-LGN
01488_20210302_Analyzed_0004_012,0.280904634,2.553408574,Gad2-LGN
01488_20210302_Analyzed_0004_013,0.048999728,5.970961564,Gad2-LGN
01488_20210302_Analyzed_0004_014,0.155656516,0.276131824,Gad2-LGN
01488_20210302_Analyzed_0004_015,0.072375505,-0.985952802,Gad2-LGN
01488_20210302_Analyzed_0004_016,0.096666531,-1.727781055,Gad2-LGN
01488_20210302_Analyzed_0004_018,0.240274408,0.023429897,Gad2-LGN
01488_20210302_Analyzed_0004_019,0.115073536,0.102382268,Gad2-LGN
01488_20210302_Analyzed_0004_020,0.126998186,0.742561435,Gad2-LGN
01488_20210302_Analyzed_0004_021,0.205946529,0.822621443,Gad2-LGN
01488_20210302_Analyzed_0004_022,0.200281462,-5.506087863,Gad2-LGN
01488_20210302_Analyzed_0004_023,0.073402154,0.004639724,Gad2-LGN
01488_20210302_Analyzed_0004_025,0.054536148,1.917963657,Gad2-LGN
01488_20210302_Analyzed_0004_026,0.110361392,37.90294935,Gad2-LGN
01488_20210302_Analyzed_0004_027,0.067223165,0.970433379,Gad2-LGN
01488_20210302_Analyzed_0004_030,0.162488791,2.084397368,Gad2-LGN
01488_20210302_Analyzed_0004_031,0.322349277,2.704463203,Gad2-LGN
01488_20210302_Analyzed_0004_032,0.163279072,-2.148824043,Gad2-LGN
01488_20210302_Analyzed_0004_033,0.244469868,0.356653644,Gad2-LGN
01488_20210302_Analyzed_0004_037,0.352784562,7.450045127,Gad2-LGN
01488_20210302_Analyzed_0004_038,0.417103566,3.768988636,Gad2-LGN
01488_20210302_Analyzed_0004_041,0.310379541,0.505337332,Gad2-LGN
01488_20210302_Analyzed_0004_040,0.54573271,-0.435108817,Gad2-LGN
01488_20210302_Analyzed_0004_042,0.814824474,8.296612945,Gad2-LGN
01488_20210302_Analyzed_0004_043,0.726690787,-2.291181273,Gad2-LGN
01488_20210302_Analyzed_0004_046,0.528794481,0.949904132,Gad2-LGN
01488_20210302_Analyzed_0004_048,0.094527833,-0.919968691,Gad2-LGN
01488_20210302_Analyzed_0004_050,0.969202258,0.314412553,Gad2-LGN
01488_20210302_Analyzed_0004_052,0.118074494,5.359479037,Gad2-LGN
01488_20210302_Analyzed_0004_053,0.06098084,-2.721892143,Gad2-LGN
01488_20210302_Analyzed_0004_054,0.096971411,3.516186961,Gad2-LGN
01488_20210302_Analyzed_0004_056,0.879483866,0.946912099,Gad2-LGN
01488_20210302_Analyzed_0004_058,0.3255434,-0.552048069,Gad2-LGN
01488_20210302_Analyzed_0004_059,0.348538624,-0.984786337,Gad2-LGN
01488_20210302_Analyzed_0004_066,0.228059395,0.788840568,Gad2-LGN
01488_20210302_Analyzed_0004_067,0.250433878,-0.318156156,Gad2-LGN
01488_20210302_Analyzed_0004_076,0.947015609,15.32029603,Gad2-LGN
01488_20210302_Analyzed_0004_078,0.531330534,0.231569586,Gad2-LGN
01488_20210302_Analyzed_0004_080,0.361888027,2.147182013,Gad2-LGN
01488_20210302_Analyzed_0004_081,0.21873111,0.30790388,Gad2-LGN
01488_20210302_Analyzed_0004_082,0.354148526,2.085334101,Gad2-LGN
01488_20210302_Analyzed_0004_085,0.091183402,-22.77615095,Gad2-LGN
01488_20210302_Analyzed_0004_087,0.086255883,0.075163258,Gad2-LGN
01488_20210302_Analyzed_0004_088,0.146549339,-0.00330212,Gad2-LGN
01488_20210302_Analyzed_0004_089,0.348254607,0.893825209,Gad2-LGN
01488_20210302_Analyzed_0004_092,0.231042,0.643477913,Gad2-LGN
01488_20210302_Analyzed_0004_095,0.227826003,-1.321095179,Gad2-LGN
01488_20210302_Analyzed_0004_097,0.168183302,3.857304862,Gad2-LGN
01488_20210302_Analyzed_0004_098,0.439046204,0.369334064,Gad2-LGN
01488_20210302_Analyzed_0004_099,0.094704706,1.231272043,Gad2-LGN
01488_20210302_Analyzed_0004_101,0.475417217,4.319357391,Gad2-LGN
01488_20210302_Analyzed_0004_103,0.53386124,2.135454071,Gad2-LGN
01486_20210310_Analyzed_0001_005,0.200760632,,Gad2-LGN
01486_20210310_Analyzed_0001_018,0.242816824,,Gad2-LGN
01486_20210310_Analyzed_0001_020,0.289979981,,Gad2-LGN
01486_20210310_Analyzed_0001_021,0.251205967,,Gad2-LGN
01486_20210310_Analyzed_0001_022,0.208425656,,Gad2-LGN
01486_20210310_Analyzed_0001_033,0.318099966,,Gad2-LGN
01486_20210310_Analyzed_0001_034,0.233076795,,Gad2-LGN
01486_20210310_Analyzed_0001_037,0.193836177,,Gad2-LGN
01486_20210310_Analyzed_0001_040,0.224866484,,Gad2-LGN
01486_20210310_Analyzed_0001_043,0.220747448,,Gad2-LGN
01486_20210310_Analyzed_0001_048,0.235333528,,Gad2-LGN
01486_20210310_Analyzed_0001_049,0.14276003,,Gad2-LGN
01486_20210310_Analyzed_0001_056,0.190738911,,Gad2-LGN
01486_20210310_Analyzed_0001_057,0.271379512,,Gad2-LGN
01486_20210310_Analyzed_0001_058,0.166838773,,Gad2-LGN
01486_20210310_Analyzed_0001_060,0.227512354,,Gad2-LGN
01486_20210310_Analyzed_0001_061,0.379724122,,Gad2-LGN
01486_20210310_Analyzed_0001_062,0.470604324,,Gad2-LGN
01486_20210310_Analyzed_0001_063,0.215727777,,Gad2-LGN
01486_20210310_Analyzed_0001_065,0.14003165,,Gad2-LGN
01486_20210310_Analyzed_0001_066,0.416784153,,Gad2-LGN
01486_20210310_Analyzed_0001_068,0.193908464,,Gad2-LGN
01486_20210310_Analyzed_0001_073,0.326460603,,Gad2-LGN
01486_20210310_Analyzed_0001_076,0.290297243,,Gad2-LGN
01486_20210310_Analyzed_0001_078,0.150516367,,Gad2-LGN
01486_20210310_Analyzed_0001_079,0.217705473,,Gad2-LGN
01486_20210310_Analyzed_0001_081,0.332946899,,Gad2-LGN
01486_20210310_Analyzed_0001_082,0.349573761,,Gad2-LGN
01486_20210310_Analyzed_0001_083,0.19924784,,Gad2-LGN
01486_20210310_Analyzed_0001_084,0.060980645,,Gad2-LGN
01486_20210310_Analyzed_0001_085,0.411049999,,Gad2-LGN
01488_20210312_Analyzed_0001_002,0.467424423,0.089408159,Gad2-LGN
01488_20210312_Analyzed_0001_003,0.660715535,0.06140152,Gad2-LGN
01488_20210312_Analyzed_0001_005,0.601459379,0.087693026,Gad2-LGN
01488_20210312_Analyzed_0001_006,0.265585141,0.078490828,Gad2-LGN
01488_20210312_Analyzed_0001_013,0.656185955,0.408020973,Gad2-LGN
01488_20210312_Analyzed_0001_014,0.478223427,0.06620907,Gad2-LGN
01488_20210312_Analyzed_0001_016,2.398845281,-0.018519672,Gad2-LGN
01488_20210312_Analyzed_0001_018,1.078482969,0.336311813,Gad2-LGN
01488_20210312_Analyzed_0001_020,0.120384246,-0.521760731,Gad2-LGN
01488_20210312_Analyzed_0001_022,1.181594488,1.247025418,Gad2-LGN
01488_20210312_Analyzed_0001_023,0.666122619,-0.618402606,Gad2-LGN
01488_20210312_Analyzed_0001_030,1.206422813,-0.3839504,Gad2-LGN
01488_20210312_Analyzed_0001_034,0.384283711,-0.116934497,Gad2-LGN
01488_20210312_Analyzed_0001_035,0.438376627,-0.114014003,Gad2-LGN
01488_20210312_Analyzed_0001_037,0.210638383,0.06422666,Gad2-LGN
01488_20210312_Analyzed_0001_043,0.199386623,0.188455635,Gad2-LGN
01488_20210312_Analyzed_0001_044,0.230682019,-0.024091973,Gad2-LGN
01488_20210312_Analyzed_0001_045,0.280139873,0.081676302,Gad2-LGN
01488_20210312_Analyzed_0001_046,0.213062901,0.250621366,Gad2-LGN
01488_20210312_Analyzed_0001_049,0.211080373,0.09312785,Gad2-LGN
01488_20210312_Analyzed_0001_050,0.24146852,0.030206966,Gad2-LGN
01488_20210312_Analyzed_0001_051,0.125770337,0.435559114,Gad2-LGN
01488_20210312_Analyzed_0001_052,0.122185248,-0.71216757,Gad2-LGN
01488_20210312_Analyzed_0001_054,0.120902949,0.002177521,Gad2-LGN
01488_20210312_Analyzed_0001_056,0.213820128,0.038876295,Gad2-LGN
01488_20210312_Analyzed_0001_058,0.159963458,0.003525319,Gad2-LGN
01488_20210312_Analyzed_0001_059,0.208398228,0.051511577,Gad2-LGN
01488_20210312_Analyzed_0001_060,0.173047286,0.017460665,Gad2-LGN
01488_20210312_Analyzed_0001_061,0.176250975,-0.028815375,Gad2-LGN
01488_20210312_Analyzed_0001_062,0.186155723,0.04101695,Gad2-LGN
01488_20210312_Analyzed_0001_066,0.455614257,-0.808747789,Gad2-LGN
01488_20210312_Analyzed_0001_067,0.724487784,-0.148845212,Gad2-LGN
01488_20210312_Analyzed_0001_068,0.105786051,-0.076250838,Gad2-LGN
01488_20210312_Analyzed_0001_070,0.425903158,0.013344416,Gad2-LGN
01488_20210312_Analyzed_0001_072,0.64626428,-0.058900928,Gad2-LGN
01488_20210312_Analyzed_0002_000,0.184338595,-0.068232386,Gad2-LGN
01488_20210312_Analyzed_0002_001,0.116109173,-0.043228357,Gad2-LGN
01488_20210312_Analyzed_0002_002,0.172243227,0.054292039,Gad2-LGN
01488_20210312_Analyzed_0002_003,0.141457932,-0.060949174,Gad2-LGN
01488_20210312_Analyzed_0002_004,0.204744654,-0.06024588,Gad2-LGN
01488_20210312_Analyzed_0002_007,0.212819915,0.043699809,Gad2-LGN
01488_20210312_Analyzed_0002_009,0.357219988,0.056117834,Gad2-LGN
01488_20210312_Analyzed_0002_013,0.246575167,-0.05063747,Gad2-LGN
01488_20210312_Analyzed_0002_014,0.31919658,0.033912669,Gad2-LGN
01488_20210312_Analyzed_0002_015,0.235442883,-0.008025135,Gad2-LGN
01488_20210312_Analyzed_0002_016,0.113520495,0.021461105,Gad2-LGN
01488_20210312_Analyzed_0002_018,0.159818318,-0.062662808,Gad2-LGN
01488_20210312_Analyzed_0002_019,0.131294035,0.113629095,Gad2-LGN
01488_20210312_Analyzed_0002_020,0.471063406,-0.068975802,Gad2-LGN
01488_20210312_Analyzed_0002_021,0.207784042,-0.135125315,Gad2-LGN
01488_20210312_Analyzed_0002_022,0.780342378,-0.022531039,Gad2-LGN
01488_20210312_Analyzed_0002_023,0.614687414,-0.148534409,Gad2-LGN
01488_20210312_Analyzed_0002_025,0.112738375,0.003303553,Gad2-LGN
01488_20210312_Analyzed_0002_028,0.255018995,-0.101291906,Gad2-LGN
01488_20210312_Analyzed_0002_029,0.069620792,0.001828484,Gad2-LGN
01488_20210312_Analyzed_0002_030,0.349688696,-0.838766364,Gad2-LGN
01488_20210312_Analyzed_0002_031,1.165562991,-0.375923896,Gad2-LGN
01488_20210312_Analyzed_0002_032,0.640295805,-0.150635775,Gad2-LGN
01488_20210312_Analyzed_0002_033,0.544667614,-0.050347396,Gad2-LGN
01488_20210312_Analyzed_0002_034,0.465311838,-0.016804759,Gad2-LGN
01488_20210312_Analyzed_0002_035,0.668201314,-0.053198704,Gad2-LGN
01488_20210312_Analyzed_0002_036,0.098729717,0.022105379,Gad2-LGN
01488_20210312_Analyzed_0002_037,0.097904208,0.074272194,Gad2-LGN
01488_20210312_Analyzed_0002_038,0.342791387,-0.006677523,Gad2-LGN
01488_20210312_Analyzed_0002_039,0.938026487,-0.018688323,Gad2-LGN
01488_20210312_Analyzed_0002_040,0.142000602,0.054242066,Gad2-LGN
01488_20210312_Analyzed_0002_041,0.283239235,-0.063528517,Gad2-LGN
01488_20210312_Analyzed_0002_042,1.06507828,-0.20567571,Gad2-LGN
01488_20210312_Analyzed_0002_043,0.531294945,-0.071874632,Gad2-LGN
01488_20210312_Analyzed_0002_044,0.250903717,-0.046647267,Gad2-LGN
01488_20210312_Analyzed_0002_045,0.221504947,0.318627994,Gad2-LGN
01488_20210312_Analyzed_0002_047,0.15453227,-0.005023463,Gad2-LGN
01488_20210312_Analyzed_0002_050,0.35376931,0.116444615,Gad2-LGN
01488_20210312_Analyzed_0002_051,0.322485748,0.004125808,Gad2-LGN
01488_20210312_Analyzed_0002_052,0.229703632,0.114964789,Gad2-LGN
01488_20210312_Analyzed_0002_053,0.342081241,-0.021691989,Gad2-LGN
01488_20210312_Analyzed_0002_054,0.455638256,0.01042612,Gad2-LGN
01488_20210312_Analyzed_0002_055,0.14611421,0.080872083,Gad2-LGN
01488_20210312_Analyzed_0002_056,0.182350418,0.027529646,Gad2-LGN
01488_20210312_Analyzed_0002_057,0.266217565,0.017810716,Gad2-LGN
01488_20210312_Analyzed_0002_058,0.20369311,0.064615355,Gad2-LGN
01488_20210312_Analyzed_0002_059,0.237482104,0.01590819,Gad2-LGN
01488_20210312_Analyzed_0002_060,0.061034386,0.043266341,Gad2-LGN
01488_20210312_Analyzed_0002_061,0.425829562,-0.019903872,Gad2-LGN
01488_20210312_Analyzed_0002_062,0.190129058,0.138121189,Gad2-LGN
01488_20210312_Analyzed_0002_063,0.247447332,0.097674348,Gad2-LGN
01488_20210312_Analyzed_0002_065,0.474057236,0.019651281,Gad2-LGN
01488_20210312_Analyzed_0002_066,0.293116195,0.063830896,Gad2-LGN
01488_20210312_Analyzed_0002_067,0.480214312,-0.000730828,Gad2-LGN
01488_20210312_Analyzed_0002_068,0.413586338,0.042283435,Gad2-LGN
01488_20210312_Analyzed_0002_069,0.177672986,0.087859231,Gad2-LGN
01488_20210312_Analyzed_0002_070,0.253999798,0.144857362,Gad2-LGN
01488_20210312_Analyzed_0002_071,0.305027554,-0.050447434,Gad2-LGN
01488_20210312_Analyzed_0002_072,0.411137761,-0.002877371,Gad2-LGN
01488_20210312_Analyzed_0002_073,0.328079819,0.097241716,Gad2-LGN
01488_20210312_Analyzed_0002_074,0.251556637,0.131493933,Gad2-LGN
01488_20210312_Analyzed_0002_075,0.266886999,0.213849972,Gad2-LGN
01488_20210312_Analyzed_0002_076,0.495782741,-0.074240549,Gad2-LGN
01488_20210312_Analyzed_0002_077,0.202602808,0.020544268,Gad2-LGN
01488_20210312_Analyzed_0002_078,0.242007497,0.038336873,Gad2-LGN
01488_20210312_Analyzed_0002_079,0.251414908,0.12933307,Gad2-LGN
01488_20210312_Analyzed_0002_080,0.47354061,-0.562907658,Gad2-LGN
01488_20210312_Analyzed_0002_081,0.439818244,0.054871002,Gad2-LGN
01488_20210312_Analyzed_0002_082,0.436930157,-0.056928691,Gad2-LGN
01488_20210312_Analyzed_0002_083,0.141486741,6.14E-05,Gad2-LGN
01488_20210312_Analyzed_0002_084,0.242631243,0.098782714,Gad2-LGN
01488_20210312_Analyzed_0002_085,1.030743414,-0.066551496,Gad2-LGN
01488_20210312_Analyzed_0002_086,0.412658155,-0.008750349,Gad2-LGN
01488_20210312_Analyzed_0002_087,1.123214068,-0.053296037,Gad2-LGN
01488_20210312_Analyzed_0002_088,0.455887058,0.23989057,Gad2-LGN
01488_20210312_Analyzed_0002_089,0.292267548,0.059064354,Gad2-LGN
01488_20210312_Analyzed_0002_090,0.415059934,-0.014132163,Gad2-LGN
01488_20210312_Analyzed_0002_091,0.223168158,0.090419611,Gad2-LGN
01488_20210312_Analyzed_0002_092,0.537029214,-0.014879852,Gad2-LGN
01488_20210312_Analyzed_0002_093,0.50312211,0.015431749,Gad2-LGN
01488_20210312_Analyzed_0002_094,0.195490464,-0.03466111,Gad2-LGN
01488_20210312_Analyzed_0002_096,0.60322996,0.031986911,Gad2-LGN
01488_20210312_Analyzed_0002_097,0.316473101,0.014004236,Gad2-LGN
01488_20210312_Analyzed_0003_001,0.147984044,0.007803665,Gad2-LGN
01488_20210312_Analyzed_0003_002,0.163249575,0.021548535,Gad2-LGN
01488_20210312_Analyzed_0003_003,0.127292809,-0.06107474,Gad2-LGN
01488_20210312_Analyzed_0003_004,0.099799148,0.167696848,Gad2-LGN
01488_20210312_Analyzed_0003_005,0.287885063,0.000173742,Gad2-LGN
01488_20210312_Analyzed_0003_006,0.146276045,-0.148804483,Gad2-LGN
01488_20210312_Analyzed_0003_007,0.177840935,0.010893196,Gad2-LGN
01488_20210312_Analyzed_0003_008,0.614812433,-0.01124958,Gad2-LGN
01488_20210312_Analyzed_0003_009,0.296427842,0.004662001,Gad2-LGN
01488_20210312_Analyzed_0003_010,0.532103865,0.001179485,Gad2-LGN
01488_20210312_Analyzed_0003_011,0.113824327,0.06740159,Gad2-LGN
01488_20210312_Analyzed_0003_012,0.1355507,0.114654943,Gad2-LGN
01488_20210312_Analyzed_0003_013,0.409451066,-0.052409903,Gad2-LGN
01488_20210312_Analyzed_0003_014,0.605472112,-0.01766938,Gad2-LGN
01488_20210312_Analyzed_0003_015,0.337195877,-0.269017982,Gad2-LGN
01488_20210312_Analyzed_0003_016,0.606095571,0.22438636,Gad2-LGN
01488_20210312_Analyzed_0003_017,0.344932275,-0.062454671,Gad2-LGN
01488_20210312_Analyzed_0003_018,0.189375863,-0.012990206,Gad2-LGN
01488_20210312_Analyzed_0003_019,0.452184958,-0.020036098,Gad2-LGN
01488_20210312_Analyzed_0003_020,1.858077815,1.052819563,Gad2-LGN
01488_20210312_Analyzed_0003_021,0.555863293,0.021180142,Gad2-LGN
01488_20210312_Analyzed_0003_022,0.647591767,0.042695079,Gad2-LGN
01488_20210312_Analyzed_0003_023,0.717917672,-0.055356199,Gad2-LGN
01488_20210312_Analyzed_0003_024,0.574261886,-0.336244403,Gad2-LGN
01488_20210312_Analyzed_0003_025,0.785634393,-0.072347968,Gad2-LGN
01488_20210312_Analyzed_0003_026,1.32092547,0.059547962,Gad2-LGN
01488_20210312_Analyzed_0003_027,1.073975045,-1.148941075,Gad2-LGN
01488_20210312_Analyzed_0003_028,0.308378653,0.019494112,Gad2-LGN
01488_20210312_Analyzed_0003_029,0.580640137,-0.187678824,Gad2-LGN
01488_20210312_Analyzed_0003_030,0.339724498,-0.025555983,Gad2-LGN
01488_20210312_Analyzed_0003_031,0.470650469,0.118571219,Gad2-LGN
01488_20210312_Analyzed_0003_032,0.487090642,0.084136466,Gad2-LGN
01488_20210312_Analyzed_0003_033,0.207821764,-0.285373425,Gad2-LGN
01488_20210312_Analyzed_0003_034,0.082128968,-9.609205182,Gad2-LGN
01488_20210312_Analyzed_0003_035,0.39616083,-0.158988372,Gad2-LGN
01488_20210312_Analyzed_0003_036,0.135066092,1.200887349,Gad2-LGN
01488_20210312_Analyzed_0003_037,0.367747199,0.00423581,Gad2-LGN
01488_20210312_Analyzed_0003_038,0.949566606,-0.229117984,Gad2-LGN
01488_20210312_Analyzed_0003_039,0.973002403,-0.182027235,Gad2-LGN
01488_20210312_Analyzed_0003_040,0.530431272,-0.055289713,Gad2-LGN
01488_20210312_Analyzed_0003_041,0.288476032,0.02179453,Gad2-LGN
01488_20210312_Analyzed_0003_042,0.358620463,-0.047564548,Gad2-LGN
01488_20210312_Analyzed_0003_043,0.350365651,0.002754294,Gad2-LGN
01488_20210312_Analyzed_0003_044,0.142114406,0.033642338,Gad2-LGN
01488_20210312_Analyzed_0003_045,0.466604475,-0.075589591,Gad2-LGN
01488_20210312_Analyzed_0003_046,0.550061103,0.472219176,Gad2-LGN
01488_20210312_Analyzed_0003_047,0.494667557,-0.101996848,Gad2-LGN
01488_20210312_Analyzed_0003_048,0.416916404,-0.071759096,Gad2-LGN
01488_20210312_Analyzed_0003_050,0.565650205,-0.124629713,Gad2-LGN
01488_20210312_Analyzed_0003_051,0.504897398,-0.123933116,Gad2-LGN
01488_20210312_Analyzed_0003_052,0.519214449,-0.066246338,Gad2-LGN
01488_20210312_Analyzed_0003_053,0.554954354,-0.022196715,Gad2-LGN
01488_20210312_Analyzed_0003_054,0.313192806,0.058149247,Gad2-LGN
01488_20210312_Analyzed_0003_055,0.305968088,-0.018536673,Gad2-LGN
01488_20210312_Analyzed_0003_056,0.293360259,0.080219262,Gad2-LGN
01488_20210312_Analyzed_0003_057,0.368836065,0.093224552,Gad2-LGN
01488_20210312_Analyzed_0003_058,0.396958816,0.054675783,Gad2-LGN
01488_20210312_Analyzed_0003_059,0.5351635,0.046903717,Gad2-LGN
01488_20210312_Analyzed_0003_060,0.501183519,0.048746093,Gad2-LGN
01488_20210312_Analyzed_0003_061,0.340795316,0.011966835,Gad2-LGN
01488_20210312_Analyzed_0003_062,0.454067703,0.054565629,Gad2-LGN
01488_20210312_Analyzed_0003_063,0.501403748,0.189020877,Gad2-LGN
01488_20210312_Analyzed_0003_064,0.508259343,0.04674589,Gad2-LGN
01488_20210312_Analyzed_0003_065,0.466619003,0.13305619,Gad2-LGN
01488_20210312_Analyzed_0003_066,0.495590348,-0.11755035,Gad2-LGN
01488_20210312_Analyzed_0003_067,0.590784722,0.167324742,Gad2-LGN
01488_20210312_Analyzed_0003_068,0.493633589,-0.039589657,Gad2-LGN
01488_20210312_Analyzed_0003_069,0.629784842,0.121485951,Gad2-LGN
01488_20210312_Analyzed_0003_070,0.752940025,0.037917152,Gad2-LGN
01488_20210312_Analyzed_0003_071,0.467746629,0.110726682,Gad2-LGN
01488_20210312_Analyzed_0003_072,0.479031971,0.041729133,Gad2-LGN
01488_20210312_Analyzed_0003_073,0.459974405,0.147772068,Gad2-LGN
01488_20210312_Analyzed_0003_074,0.495408225,0.101089906,Gad2-LGN
01488_20210312_Analyzed_0003_075,0.310772164,0.069742057,Gad2-LGN
01488_20210312_Analyzed_0003_076,0.958767744,-0.073245068,Gad2-LGN
01488_20210312_Analyzed_0003_077,0.665865812,-0.066823891,Gad2-LGN
01488_20210312_Analyzed_0003_078,0.243354592,0.003772462,Gad2-LGN
01488_20210312_Analyzed_0003_080,0.564024965,-0.564047534,Gad2-LGN
01488_20210312_Analyzed_0003_081,0.216731607,0.052026069,Gad2-LGN
01488_20210312_Analyzed_0003_082,0.196517965,-0.191589183,Gad2-LGN
01488_20210312_Analyzed_0003_083,0.661060563,-0.008293844,Gad2-LGN
01488_20210312_Analyzed_0003_084,0.778963385,0.155660228,Gad2-LGN
01488_20210312_Analyzed_0003_085,0.861138645,0.011990502,Gad2-LGN
01488_20210312_Analyzed_0003_086,0.449497087,-0.028235029,Gad2-LGN
01488_20210312_Analyzed_0003_087,0.187725352,0.012395396,Gad2-LGN
01488_20210312_Analyzed_0003_088,0.862929201,-0.227842561,Gad2-LGN
01488_20210312_Analyzed_0003_090,0.309399939,0.029975121,Gad2-LGN
01488_20210312_Analyzed_0003_091,0.473123173,0.125310194,Gad2-LGN
01488_20210312_Analyzed_0003_092,0.425832687,-0.114174446,Gad2-LGN
01488_20210312_Analyzed_0003_093,0.315444779,-0.145401604,Gad2-LGN
01488_20210312_Analyzed_0003_095,1.380415199,-0.58626436,Gad2-LGN
01488_20210312_Analyzed_0003_096,0.470186167,0.121463977,Gad2-LGN
01488_20210312_Analyzed_0003_097,0.617476442,-0.21409523,Gad2-LGN
01488_20210312_Analyzed_0003_098,0.431477755,-0.026074994,Gad2-LGN
01488_20210312_Analyzed_0003_099,0.226674462,0.063310636,Gad2-LGN
01488_20210312_Analyzed_0003_100,0.413569797,-0.298048117,Gad2-LGN
01488_20210312_Analyzed_0003_101,0.692695746,-0.004685933,Gad2-LGN
01488_20210312_Analyzed_0004_000,0.398290339,-0.019704242,Gad2-LGN
01488_20210312_Analyzed_0004_001,0.34339828,0.019363416,Gad2-LGN
01488_20210312_Analyzed_0004_002,0.224475067,-0.378526981,Gad2-LGN
01488_20210312_Analyzed_0004_003,1.025378779,0.032620463,Gad2-LGN
01488_20210312_Analyzed_0004_004,0.42446003,-0.149377502,Gad2-LGN
01488_20210312_Analyzed_0004_005,0.617329333,-0.089445264,Gad2-LGN
01488_20210312_Analyzed_0004_006,0.433303128,-0.053079992,Gad2-LGN
01488_20210312_Analyzed_0004_007,0.261115332,-0.019521919,Gad2-LGN
01488_20210312_Analyzed_0004_008,0.14587815,0.031261043,Gad2-LGN
01488_20210312_Analyzed_0004_009,0.197876025,1.530347449,Gad2-LGN
01488_20210312_Analyzed_0004_010,0.626620713,-0.15888872,Gad2-LGN
01488_20210312_Analyzed_0004_011,0.662822068,0.080778466,Gad2-LGN
01488_20210312_Analyzed_0004_012,0.518191848,-0.138527883,Gad2-LGN
01488_20210312_Analyzed_0004_013,0.67974567,-0.945056882,Gad2-LGN
01488_20210312_Analyzed_0004_014,0.599288454,0.394426849,Gad2-LGN
01488_20210312_Analyzed_0004_015,0.294519543,-0.765725992,Gad2-LGN
01488_20210312_Analyzed_0004_016,0.708463166,-0.068468993,Gad2-LGN
01488_20210312_Analyzed_0004_017,0.450492818,-0.037310982,Gad2-LGN
01488_20210312_Analyzed_0004_018,1.18065512,-0.778071644,Gad2-LGN
01488_20210312_Analyzed_0004_019,1.380127226,0.003979275,Gad2-LGN
01488_20210312_Analyzed_0004_020,0.434748064,-0.082042274,Gad2-LGN
01488_20210312_Analyzed_0004_021,0.83121866,-0.361810891,Gad2-LGN
01488_20210312_Analyzed_0004_022,0.768608425,-0.180865782,Gad2-LGN
01488_20210312_Analyzed_0004_023,0.567827107,-0.220435179,Gad2-LGN
01488_20210312_Analyzed_0004_024,0.440668527,-0.012811306,Gad2-LGN
01488_20210312_Analyzed_0004_025,0.51386344,-0.009352441,Gad2-LGN
01488_20210312_Analyzed_0004_026,0.581372719,-0.040765848,Gad2-LGN
01488_20210312_Analyzed_0004_027,0.401857402,-0.04243896,Gad2-LGN
01488_20210312_Analyzed_0004_028,0.719271744,-0.032574177,Gad2-LGN
01488_20210312_Analyzed_0004_029,0.800965171,-0.325560159,Gad2-LGN
01488_20210312_Analyzed_0004_030,0.750879065,-0.843850511,Gad2-LGN
01488_20210312_Analyzed_0004_031,0.717644366,-0.143198879,Gad2-LGN
01488_20210312_Analyzed_0004_032,0.760477496,-0.040840087,Gad2-LGN
01488_20210312_Analyzed_0004_033,0.85967065,-0.240837337,Gad2-LGN
01488_20210312_Analyzed_0004_034,0.692909565,-0.716690059,Gad2-LGN
01488_20210312_Analyzed_0004_035,0.822504176,-0.124631756,Gad2-LGN
01488_20210312_Analyzed_0004_036,0.681240419,-0.228489392,Gad2-LGN
01488_20210312_Analyzed_0004_037,0.657919786,-0.122947459,Gad2-LGN
01488_20210312_Analyzed_0004_038,0.644594549,0.039519319,Gad2-LGN
01488_20210312_Analyzed_0004_039,0.639012774,0.014938108,Gad2-LGN
01488_20210312_Analyzed_0004_040,0.453056325,0.042243475,Gad2-LGN
01488_20210312_Analyzed_0004_041,0.407184989,-0.107127812,Gad2-LGN
01488_20210312_Analyzed_0004_042,0.725121352,-0.185668721,Gad2-LGN
01488_20210312_Analyzed_0004_043,0.368615944,-0.250185352,Gad2-LGN
01488_20210312_Analyzed_0004_045,0.677846585,0.067486509,Gad2-LGN
01488_20210312_Analyzed_0004_046,0.558056682,0.017876375,Gad2-LGN
01488_20210312_Analyzed_0004_047,0.343326644,-0.003330311,Gad2-LGN
01488_20210312_Analyzed_0004_048,0.408680072,0.323246637,Gad2-LGN
01488_20210312_Analyzed_0004_049,0.572064354,-0.081724805,Gad2-LGN
01488_20210312_Analyzed_0004_050,0.450898897,-0.030368938,Gad2-LGN
01488_20210312_Analyzed_0004_051,0.225143196,-0.180152433,Gad2-LGN
01488_20210312_Analyzed_0004_052,0.559886695,0.040512392,Gad2-LGN
01488_20210312_Analyzed_0004_053,0.387892966,-0.10480582,Gad2-LGN
01488_20210312_Analyzed_0004_054,0.426287733,-0.079945766,Gad2-LGN
01488_20210312_Analyzed_0004_055,0.49365819,0.078401123,Gad2-LGN
01488_20210312_Analyzed_0004_056,0.444098324,0.164259257,Gad2-LGN
01488_20210312_Analyzed_0004_057,0.682676525,0.067158522,Gad2-LGN
01488_20210312_Analyzed_0004_058,0.476830654,-0.030435525,Gad2-LGN
01488_20210312_Analyzed_0004_059,0.582461893,-0.113594304,Gad2-LGN
01488_20210312_Analyzed_0004_060,0.706996215,-0.063471366,Gad2-LGN
01488_20210312_Analyzed_0004_061,0.607362516,0.089938264,Gad2-LGN
01488_20210312_Analyzed_0004_062,0.789821216,-0.010465264,Gad2-LGN
01488_20210312_Analyzed_0004_063,0.375837865,0.026340667,Gad2-LGN
01488_20210312_Analyzed_0004_064,0.29604208,-0.364253627,Gad2-LGN
01488_20210312_Analyzed_0004_065,0.411121066,0.008711148,Gad2-LGN
01488_20210312_Analyzed_0004_066,0.409096173,0.031886534,Gad2-LGN
01488_20210312_Analyzed_0004_067,0.692932049,-0.052758113,Gad2-LGN
01488_20210312_Analyzed_0004_068,0.643714231,-0.275819264,Gad2-LGN
01488_20210312_Analyzed_0004_069,0.416197674,0.039823648,Gad2-LGN
01488_20210312_Analyzed_0004_070,0.153592858,0.56480504,Gad2-LGN
01488_20210312_Analyzed_0004_071,0.153895152,-0.777672734,Gad2-LGN
01488_20210312_Analyzed_0004_072,0.25072138,2.708230857,Gad2-LGN
01488_20210312_Analyzed_0004_075,0.482928757,-0.004748411,Gad2-LGN
01488_20210312_Analyzed_0004_077,0.548428711,0.034411459,Gad2-LGN
01488_20210312_Analyzed_0004_078,0.439789678,0.076137266,Gad2-LGN
01488_20210312_Analyzed_0004_080,0.430498627,2.708219513,Gad2-LGN
01488_20210312_Analyzed_0004_082,0.459490374,0.117657014,Gad2-LGN
01488_20210312_Analyzed_0004_083,0.412123205,0.146826717,Gad2-LGN
01488_20210312_Analyzed_0004_084,0.327621677,-0.187554365,Gad2-LGN
01488_20210312_Analyzed_0004_085,0.566661597,0.034692159,Gad2-LGN
01488_20210312_Analyzed_0004_086,0.5080855,0.040205493,Gad2-LGN
01488_20210312_Analyzed_0004_087,0.778761253,0.020437218,Gad2-LGN
01488_20210312_Analyzed_0004_088,0.855359614,0.173847521,Gad2-LGN
01488_20210312_Analyzed_0004_089,0.523420569,0.1469483,Gad2-LGN
01488_20210312_Analyzed_0004_090,0.513181377,0.046612383,Gad2-LGN
01488_20210312_Analyzed_0004_091,0.576896483,0.098741227,Gad2-LGN
01488_20210312_Analyzed_0004_093,0.315862619,0.025463839,Gad2-LGN
01488_20210312_Analyzed_0004_094,0.575279133,0.094683895,Gad2-LGN
01488_20210312_Analyzed_0004_095,0.751175646,-0.176887853,Gad2-LGN
01488_20210312_Analyzed_0004_096,0.239229577,-0.025477433,Gad2-LGN
01488_20210312_Analyzed_0004_098,2.045998443,-2.562698408,Gad2-LGN
01488_20210312_Analyzed_0004_099,0.102226706,-0.49807284,Gad2-LGN
01488_20210312_Analyzed_0004_101,0.700766159,0.161813755,Gad2-LGN
01488_20210312_Analyzed_0004_102,0.19500983,0.206949452,Gad2-LGN
01488_20210312_Analyzed_0004_103,0.824438158,0.165326133,Gad2-LGN
01488_20210312_Analyzed_0004_104,0.510274426,0.063771377,Gad2-LGN
01488_20210312_Analyzed_0004_105,1.775858077,-0.596159074,Gad2-LGN
01488_20210312_Analyzed_0004_106,0.519445408,0.235593515,Gad2-LGN
01488_20210312_Analyzed_0004_107,0.318415374,-0.096380515,Gad2-LGN
01488_20210312_Analyzed_0004_108,0.613968188,0.227217567,Gad2-LGN
01488_20210312_Analyzed_0004_109,0.449210671,0.120659219,Gad2-LGN
01488_20210312_Analyzed_0004_110,0.732281132,0.469677164,Gad2-LGN
01488_20210312_Analyzed_0005_001,0.584928076,0.668150144,Gad2-LGN
01488_20210312_Analyzed_0005_002,0.487475659,0.156799031,Gad2-LGN
01488_20210312_Analyzed_0005_003,0.313585965,0.068501618,Gad2-LGN
01488_20210312_Analyzed_0005_004,0.229188741,0.034291917,Gad2-LGN
01488_20210312_Analyzed_0005_005,0.413541166,-0.339669103,Gad2-LGN
01488_20210312_Analyzed_0005_006,0.6138233,0.021426647,Gad2-LGN
01488_20210312_Analyzed_0005_007,0.952549069,0.170712733,Gad2-LGN
01488_20210312_Analyzed_0005_008,0.563076379,-0.078002303,Gad2-LGN
01488_20210312_Analyzed_0005_009,0.482439545,0.126611182,Gad2-LGN
01488_20210312_Analyzed_0005_010,0.899835933,-0.101138428,Gad2-LGN
01488_20210312_Analyzed_0005_011,0.273461834,-0.022349269,Gad2-LGN
01488_20210312_Analyzed_0005_012,0.589086474,0.045942793,Gad2-LGN
01488_20210312_Analyzed_0005_013,1.47827449,0.012309164,Gad2-LGN
01488_20210312_Analyzed_0005_014,0.875341617,0.111567936,Gad2-LGN
01488_20210312_Analyzed_0005_015,0.805290304,0.214276078,Gad2-LGN
01488_20210312_Analyzed_0005_016,0.709237082,0.62526485,Gad2-LGN
01488_20210312_Analyzed_0005_017,0.56618625,0.204057293,Gad2-LGN
01488_20210312_Analyzed_0005_019,0.904156678,0.012679424,Gad2-LGN
01488_20210312_Analyzed_0005_020,0.384499006,-0.506944179,Gad2-LGN
01488_20210312_Analyzed_0005_021,0.258951697,0.026938337,Gad2-LGN
01488_20210312_Analyzed_0005_022,0.882341641,-0.010345316,Gad2-LGN
01488_20210312_Analyzed_0005_023,0.64125182,0.183327608,Gad2-LGN
01488_20210312_Analyzed_0005_024,0.890057765,0.261881367,Gad2-LGN
01488_20210312_Analyzed_0005_025,0.603921094,0.168269509,Gad2-LGN
01488_20210312_Analyzed_0005_026,0.756706117,0.125235973,Gad2-LGN
01488_20210312_Analyzed_0005_027,0.466744,0.023017395,Gad2-LGN
01488_20210312_Analyzed_0005_028,0.439154061,0.015577591,Gad2-LGN
01488_20210312_Analyzed_0005_029,0.726313417,0.017482971,Gad2-LGN
01488_20210312_Analyzed_0005_030,0.18981702,-0.221093758,Gad2-LGN
01488_20210312_Analyzed_0005_031,0.673197624,0.095840071,Gad2-LGN
01488_20210312_Analyzed_0005_032,0.168454958,-0.151797444,Gad2-LGN
01488_20210312_Analyzed_0005_033,0.338528583,-6.898863633,Gad2-LGN
01488_20210312_Analyzed_0005_034,0.372190101,6.644168754,Gad2-LGN
01488_20210312_Analyzed_0005_035,0.198531886,-1.108753526,Gad2-LGN
01488_20210312_Analyzed_0005_036,0.293661766,0.042127764,Gad2-LGN
01488_20210312_Analyzed_0005_037,0.337196901,0.863108501,Gad2-LGN
01488_20210312_Analyzed_0005_038,0.210664939,0.102384895,Gad2-LGN
01488_20210312_Analyzed_0005_039,0.508437345,0.128865233,Gad2-LGN
01488_20210312_Analyzed_0005_040,0.355745041,0.053184182,Gad2-LGN
01488_20210312_Analyzed_0005_041,0.381403857,0.032902016,Gad2-LGN
01488_20210312_Analyzed_0005_043,0.602887906,0.016263121,Gad2-LGN
01488_20210312_Analyzed_0005_044,0.370697369,0.004023577,Gad2-LGN
01488_20210312_Analyzed_0005_047,0.329087907,0.127014354,Gad2-LGN
01488_20210312_Analyzed_0005_048,0.416967309,0.045158586,Gad2-LGN
01488_20210312_Analyzed_0005_049,0.261216692,0.031483302,Gad2-LGN
01488_20210312_Analyzed_0005_050,0.369489049,0.021174862,Gad2-LGN
01488_20210312_Analyzed_0005_051,0.509176606,-0.112307742,Gad2-LGN
01488_20210312_Analyzed_0005_052,0.640139832,0.248209618,Gad2-LGN
01488_20210312_Analyzed_0005_053,0.339900505,-0.018043319,Gad2-LGN
01488_20210312_Analyzed_0005_054,0.226133377,-0.055391694,Gad2-LGN
01488_20210312_Analyzed_0005_055,0.375679608,0.012257331,Gad2-LGN
01488_20210312_Analyzed_0005_056,0.273615414,-0.136016175,Gad2-LGN
01488_20210312_Analyzed_0005_057,0.362477932,-0.19532037,Gad2-LGN
01488_20210312_Analyzed_0005_059,0.500631925,0.221575649,Gad2-LGN
01488_20210312_Analyzed_0005_060,0.417971543,0.085273271,Gad2-LGN
01488_20210312_Analyzed_0005_061,0.491373543,0.02224069,Gad2-LGN
01488_20210312_Analyzed_0005_062,0.601235011,0.035633672,Gad2-LGN
01488_20210312_Analyzed_0005_064,0.347074836,0.033203103,Gad2-LGN
01488_20210312_Analyzed_0005_065,0.407539822,-0.939762841,Gad2-LGN
01488_20210312_Analyzed_0005_066,0.947058368,0.016722868,Gad2-LGN
01488_20210312_Analyzed_0005_067,0.489542147,0.090621151,Gad2-LGN
01488_20210312_Analyzed_0005_068,0.348011637,0.027381835,Gad2-LGN
01488_20210312_Analyzed_0005_069,0.434682595,0.031269289,Gad2-LGN
01488_20210312_Analyzed_0005_071,0.279608879,0.610097659,Gad2-LGN
01488_20210312_Analyzed_0005_072,0.300894177,0.005130271,Gad2-LGN
01488_20210312_Analyzed_0005_073,0.60429021,1.13285544,Gad2-LGN
01488_20210312_Analyzed_0005_074,0.661854112,0.44233644,Gad2-LGN
01488_20210312_Analyzed_0005_075,0.267642804,-0.092041948,Gad2-LGN
01488_20210312_Analyzed_0005_076,0.552073597,0.111009495,Gad2-LGN
01488_20210312_Analyzed_0005_077,0.282387192,-0.182686858,Gad2-LGN
01488_20210312_Analyzed_0005_078,0.295238121,0.060481092,Gad2-LGN
01488_20210312_Analyzed_0005_079,0.404342749,0.231950047,Gad2-LGN
01488_20210312_Analyzed_0005_080,0.598090547,0.281671042,Gad2-LGN
01488_20210312_Analyzed_0005_081,1.179948443,0.371479347,Gad2-LGN
01486_20210315_Analyzed_0001_000,0.176444564,-2.99E-05,Gad2-LGN
01486_20210315_Analyzed_0001_003,0.259306345,-0.001257414,Gad2-LGN
01486_20210315_Analyzed_0001_004,0.193046615,0.004634173,Gad2-LGN
01486_20210315_Analyzed_0001_005,0.178979421,0.01844237,Gad2-LGN
01486_20210315_Analyzed_0001_006,0.18055875,0.010646956,Gad2-LGN
01486_20210315_Analyzed_0001_007,0.207486766,0.006817153,Gad2-LGN
01486_20210315_Analyzed_0001_008,0.199899664,0.014690865,Gad2-LGN
01486_20210315_Analyzed_0001_009,0.224966509,0.003505178,Gad2-LGN
01486_20210315_Analyzed_0001_011,0.224051214,-0.006791859,Gad2-LGN
01486_20210315_Analyzed_0001_015,0.21664884,0.019922734,Gad2-LGN
01486_20210315_Analyzed_0001_016,0.396693705,0.186274546,Gad2-LGN
01486_20210315_Analyzed_0001_019,0.229371145,0.011238728,Gad2-LGN
01486_20210315_Analyzed_0001_020,0.191033465,0.001951106,Gad2-LGN
01486_20210315_Analyzed_0001_023,0.213177374,-0.012106753,Gad2-LGN
01486_20210315_Analyzed_0001_024,0.221755262,-0.00686204,Gad2-LGN
01486_20210315_Analyzed_0001_025,0.277979835,0.004669084,Gad2-LGN
01486_20210315_Analyzed_0001_026,0.191477236,0.010097107,Gad2-LGN
01486_20210315_Analyzed_0001_027,0.240259893,-0.003025451,Gad2-LGN
01486_20210315_Analyzed_0001_028,0.259079918,0.00790263,Gad2-LGN
01486_20210315_Analyzed_0001_029,0.195631006,-0.004003825,Gad2-LGN
01486_20210315_Analyzed_0001_032,0.183521021,-0.002032996,Gad2-LGN
01486_20210315_Analyzed_0001_033,0.278395881,0.000171996,Gad2-LGN
01486_20210315_Analyzed_0001_034,0.214620247,0.023394185,Gad2-LGN
01486_20210315_Analyzed_0001_035,0.212564596,-0.007613301,Gad2-LGN
01486_20210315_Analyzed_0001_037,0.263018306,0.014991917,Gad2-LGN
01486_20210315_Analyzed_0001_038,0.238720332,-0.00284817,Gad2-LGN
01486_20210315_Analyzed_0001_039,0.233720407,0.002724591,Gad2-LGN
01486_20210315_Analyzed_0001_042,0.090308649,0.258789067,Gad2-LGN
01486_20210315_Analyzed_0001_043,0.240365169,-0.003692349,Gad2-LGN
01486_20210315_Analyzed_0001_044,0.248182047,-0.001595144,Gad2-LGN
01486_20210315_Analyzed_0001_045,0.165275786,0.122030353,Gad2-LGN
01486_20210315_Analyzed_0001_046,0.151229407,0.307061752,Gad2-LGN
01486_20210315_Analyzed_0001_047,0.2254802,0.029468094,Gad2-LGN
01486_20210315_Analyzed_0001_049,0.078607778,-0.191060454,Gad2-LGN
01486_20210315_Analyzed_0001_051,0.292572159,-0.002435201,Gad2-LGN
01486_20210315_Analyzed_0001_052,0.158547796,0.060016281,Gad2-LGN
01486_20210315_Analyzed_0001_053,0.267058359,-0.197401333,Gad2-LGN
01486_20210315_Analyzed_0001_055,0.197323679,0.050155033,Gad2-LGN
01486_20210315_Analyzed_0001_057,0.090679935,0.090789348,Gad2-LGN
01486_20210315_Analyzed_0001_060,0.264528125,0.072729933,Gad2-LGN
01486_20210315_Analyzed_0001_061,0.107235677,0.107789665,Gad2-LGN
01486_20210315_Analyzed_0001_062,0.191127793,-0.014767117,Gad2-LGN
01486_20210315_Analyzed_0001_063,0.218762269,-0.001397412,Gad2-LGN
01486_20210315_Analyzed_0001_065,0.081836088,-0.012870772,Gad2-LGN
01486_20210315_Analyzed_0001_066,0.121307277,-0.011188776,Gad2-LGN
01486_20210315_Analyzed_0001_067,0.104226876,0.117651909,Gad2-LGN
01486_20210315_Analyzed_0001_069,0.083845441,0.02175459,Gad2-LGN
01486_20210315_Analyzed_0001_070,0.13115959,0.364630357,Gad2-LGN
01486_20210315_Analyzed_0001_074,0.347708221,-0.209552699,Gad2-LGN
01486_20210315_Analyzed_0001_075,0.155115654,-0.090070002,Gad2-LGN
01486_20210315_Analyzed_0001_076,0.128653619,-0.05650486,Gad2-LGN
01486_20210315_Analyzed_0001_077,0.279495612,-0.017611678,Gad2-LGN
01486_20210315_Analyzed_0001_078,0.11002882,-0.002556248,Gad2-LGN
01486_20210315_Analyzed_0001_079,0.134463281,0.256918394,Gad2-LGN
01486_20210315_Analyzed_0001_080,0.301019892,0.019920479,Gad2-LGN
01486_20210315_Analyzed_0001_082,0.409046595,0.02466386,Gad2-LGN
01486_20210315_Analyzed_0001_083,0.206025227,0.00450683,Gad2-LGN
01486_20210315_Analyzed_0001_084,0.248265074,0.06848249,Gad2-LGN
01486_20210315_Analyzed_0001_085,0.175709535,0.020121542,Gad2-LGN
01486_20210315_Analyzed_0001_086,0.167863733,0.050163619,Gad2-LGN
01486_20210315_Analyzed_0002_001,0.099139466,0.065004384,Gad2-LGN
01486_20210315_Analyzed_0002_005,0.2402228,-0.013186743,Gad2-LGN
01486_20210315_Analyzed_0002_008,0.24961777,0.00179899,Gad2-LGN
01486_20210315_Analyzed_0002_012,0.1268309,-0.065917641,Gad2-LGN
01486_20210315_Analyzed_0002_013,0.309575299,0.051100511,Gad2-LGN
01486_20210315_Analyzed_0002_014,0.330511289,0.004947455,Gad2-LGN
01486_20210315_Analyzed_0002_016,0.042012479,-0.679992822,Gad2-LGN
01486_20210315_Analyzed_0002_017,1.286461422,0.018082171,Gad2-LGN
01486_20210315_Analyzed_0002_018,0.491051553,0.038934938,Gad2-LGN
01486_20210315_Analyzed_0002_019,0.090722634,0.162207005,Gad2-LGN
01486_20210315_Analyzed_0002_020,0.245254946,0.019777242,Gad2-LGN
01486_20210315_Analyzed_0002_021,0.087696022,-0.087402185,Gad2-LGN
01486_20210315_Analyzed_0002_022,0.043106819,0.030820397,Gad2-LGN
01486_20210315_Analyzed_0002_023,0.105239605,-0.079725936,Gad2-LGN
01486_20210315_Analyzed_0002_024,0.074833987,-0.007154179,Gad2-LGN
01486_20210315_Analyzed_0002_025,0.154423643,0.110630362,Gad2-LGN
01486_20210315_Analyzed_0002_026,0.247287693,-3.571846919,Gad2-LGN
01486_20210315_Analyzed_0002_027,0.102486265,0.028614817,Gad2-LGN
01486_20210315_Analyzed_0002_028,0.069209033,0.094330927,Gad2-LGN
01486_20210315_Analyzed_0002_030,0.209934241,0.061722295,Gad2-LGN
01486_20210315_Analyzed_0002_031,0.307591039,-0.003955116,Gad2-LGN
01486_20210315_Analyzed_0002_032,0.271364708,-0.010191508,Gad2-LGN
01486_20210315_Analyzed_0002_033,0.206746212,0.034524345,Gad2-LGN
01486_20210315_Analyzed_0002_034,0.093006607,0.024743023,Gad2-LGN
01486_20210315_Analyzed_0002_035,0.196109283,-0.149589338,Gad2-LGN
01486_20210315_Analyzed_0002_036,0.065814329,0.058790334,Gad2-LGN
01486_20210315_Analyzed_0002_037,0.201111112,0.016480446,Gad2-LGN
01486_20210315_Analyzed_0002_038,0.134739676,0.051463446,Gad2-LGN
01486_20210315_Analyzed_0002_039,0.427185836,0.011762515,Gad2-LGN
01486_20210315_Analyzed_0002_040,0.289284057,0.025811753,Gad2-LGN
01486_20210315_Analyzed_0002_041,0.287778687,2.261142959,Gad2-LGN
01486_20210315_Analyzed_0002_042,0.139411739,0.484200661,Gad2-LGN
01486_20210315_Analyzed_0002_044,0.09604141,0.277828421,Gad2-LGN
01486_20210315_Analyzed_0002_046,0.355913814,-0.091319601,Gad2-LGN
01486_20210315_Analyzed_0002_049,0.111131231,0.079666357,Gad2-LGN
01486_20210315_Analyzed_0002_050,0.216068105,-0.129292148,Gad2-LGN
01486_20210315_Analyzed_0002_051,0.101940355,0.278599536,Gad2-LGN
01486_20210315_Analyzed_0003_000,0.307148177,-0.212444271,Gad2-LGN
01486_20210315_Analyzed_0003_001,0.378019834,0.027447827,Gad2-LGN
01486_20210315_Analyzed_0003_003,0.312187394,-0.162689986,Gad2-LGN
01486_20210315_Analyzed_0003_004,0.690518138,0.314331374,Gad2-LGN
01486_20210315_Analyzed_0003_005,0.363924117,0.198943616,Gad2-LGN
01486_20210315_Analyzed_0003_006,0.511572157,-0.009757319,Gad2-LGN
01486_20210315_Analyzed_0003_007,0.975856741,1.248121504,Gad2-LGN
01486_20210315_Analyzed_0003_008,0.40759646,-0.048371732,Gad2-LGN
01486_20210315_Analyzed_0003_009,0.496365397,-0.026875855,Gad2-LGN
01486_20210315_Analyzed_0003_010,0.23797295,-0.010274925,Gad2-LGN
01486_20210315_Analyzed_0003_011,0.260386292,0.005187816,Gad2-LGN
01486_20210315_Analyzed_0003_012,0.306627304,-0.005007568,Gad2-LGN
01486_20210315_Analyzed_0003_013,0.562177828,-0.008277967,Gad2-LGN
01486_20210315_Analyzed_0003_014,0.613000772,-0.02379629,Gad2-LGN
01486_20210315_Analyzed_0003_015,0.422205584,-0.015235668,Gad2-LGN
01486_20210315_Analyzed_0003_016,0.395914484,0.006066375,Gad2-LGN
01486_20210315_Analyzed_0003_017,0.315282628,-0.171979785,Gad2-LGN
01486_20210315_Analyzed_0003_018,0.432984178,-0.121472603,Gad2-LGN
01486_20210315_Analyzed_0003_019,0.245008005,-0.016479473,Gad2-LGN
01486_20210315_Analyzed_0003_020,0.436484953,-0.230426791,Gad2-LGN
01486_20210315_Analyzed_0003_021,0.190076437,-0.452602808,Gad2-LGN
01486_20210315_Analyzed_0003_022,0.44113454,0.504483243,Gad2-LGN
01486_20210315_Analyzed_0003_023,0.263793362,-0.019778306,Gad2-LGN
01486_20210315_Analyzed_0003_024,0.311446791,0.012025421,Gad2-LGN
01486_20210315_Analyzed_0003_025,0.183253054,-0.054808564,Gad2-LGN
01486_20210315_Analyzed_0003_026,0.171376167,-0.17279465,Gad2-LGN
01486_20210315_Analyzed_0003_027,0.084969596,-0.350869767,Gad2-LGN
01486_20210315_Analyzed_0003_028,0.345706013,0.220962592,Gad2-LGN
01486_20210315_Analyzed_0003_029,0.177825182,0.183925419,Gad2-LGN
01486_20210315_Analyzed_0003_030,0.236840951,0.2473914,Gad2-LGN
01486_20210315_Analyzed_0003_031,0.116139598,0.158277931,Gad2-LGN
01486_20210315_Analyzed_0003_032,0.262803566,0.196224508,Gad2-LGN
01486_20210315_Analyzed_0003_033,0.058904433,-0.151993668,Gad2-LGN
01486_20210315_Analyzed_0003_034,0.157587836,-0.046114605,Gad2-LGN
01486_20210315_Analyzed_0003_035,0.236777869,0.089622132,Gad2-LGN
01486_20210315_Analyzed_0003_036,0.174493623,-0.828006789,Gad2-LGN
01486_20210315_Analyzed_0003_037,0.179802251,0.106638582,Gad2-LGN
01486_20210315_Analyzed_0003_038,0.107925582,0.137446444,Gad2-LGN
01486_20210315_Analyzed_0003_039,0.172805277,0.09715064,Gad2-LGN
01486_20210315_Analyzed_0003_040,0.157049475,0.593020103,Gad2-LGN
01486_20210315_Analyzed_0003_042,0.127965762,-0.068549899,Gad2-LGN
01486_20210315_Analyzed_0003_043,0.171506244,-0.024653954,Gad2-LGN
01486_20210315_Analyzed_0003_044,0.40882959,0.087801061,Gad2-LGN
01486_20210315_Analyzed_0003_045,0.045576378,0.459280068,Gad2-LGN
01486_20210315_Analyzed_0003_046,0.129795642,-0.061619691,Gad2-LGN
01486_20210315_Analyzed_0003_048,0.323978459,-0.014345846,Gad2-LGN
01486_20210315_Analyzed_0003_050,0.549611092,0.218590245,Gad2-LGN
01486_20210315_Analyzed_0003_051,0.252223658,-0.228002664,Gad2-LGN
01486_20210315_Analyzed_0003_052,0.149399573,0.005391284,Gad2-LGN
01486_20210315_Analyzed_0003_053,0.147942422,0.979502117,Gad2-LGN
01486_20210315_Analyzed_0003_054,0.137256923,0.205838523,Gad2-LGN
01486_20210315_Analyzed_0003_056,0.643658505,0.06674085,Gad2-LGN
01486_20210315_Analyzed_0003_057,0.47121586,0.03304134,Gad2-LGN
01486_20210315_Analyzed_0003_058,0.133899375,-0.146108395,Gad2-LGN
01486_20210315_Analyzed_0003_059,0.156693427,0.359748768,Gad2-LGN
01486_20210315_Analyzed_0003_060,0.148545953,-0.038487347,Gad2-LGN
01486_20210315_Analyzed_0004_000,0.213952233,0.033126828,Gad2-LGN
01486_20210315_Analyzed_0004_001,0.159321338,0.003239057,Gad2-LGN
01486_20210315_Analyzed_0004_002,0.367975892,0.027162428,Gad2-LGN
01486_20210315_Analyzed_0004_003,0.28242221,0.023413937,Gad2-LGN
01486_20210315_Analyzed_0004_004,0.31593731,0.011529967,Gad2-LGN
01486_20210315_Analyzed_0004_006,0.221782727,0.011716122,Gad2-LGN
01486_20210315_Analyzed_0004_007,0.225686877,0.007387942,Gad2-LGN
01486_20210315_Analyzed_0004_009,0.177140928,0.012392215,Gad2-LGN
01486_20210315_Analyzed_0004_010,0.21629634,0.005365811,Gad2-LGN
01486_20210315_Analyzed_0004_011,0.215596783,0.031852722,Gad2-LGN
01486_20210315_Analyzed_0004_012,0.260481411,0.00714839,Gad2-LGN
01486_20210315_Analyzed_0004_013,0.41867764,0.00553247,Gad2-LGN
01486_20210315_Analyzed_0004_014,0.316038118,-0.027513046,Gad2-LGN
01486_20210315_Analyzed_0004_015,0.29524801,-0.003611768,Gad2-LGN
01486_20210315_Analyzed_0004_016,0.184650466,-0.011645333,Gad2-LGN
01486_20210315_Analyzed_0004_017,0.306767148,0.033951571,Gad2-LGN
01486_20210315_Analyzed_0004_018,0.341525078,0.014488599,Gad2-LGN
01486_20210315_Analyzed_0004_019,0.204611003,-0.019508104,Gad2-LGN
01486_20210315_Analyzed_0004_020,0.317274626,0.030430557,Gad2-LGN
01486_20210315_Analyzed_0004_021,0.239616345,-0.010141501,Gad2-LGN
01486_20210315_Analyzed_0004_022,0.239767215,0.015188967,Gad2-LGN
01486_20210315_Analyzed_0004_023,0.173626913,0.00529535,Gad2-LGN
01486_20210315_Analyzed_0004_024,0.30147,-0.022793541,Gad2-LGN
01486_20210315_Analyzed_0004_025,0.251002086,-0.016103782,Gad2-LGN
01486_20210315_Analyzed_0004_026,0.283468397,-0.011357532,Gad2-LGN
01486_20210315_Analyzed_0004_027,0.25470999,-0.060114268,Gad2-LGN
01486_20210315_Analyzed_0004_028,0.390765839,0.000252337,Gad2-LGN
01486_20210315_Analyzed_0004_029,0.610859186,0.011180275,Gad2-LGN
01486_20210315_Analyzed_0004_030,0.516452022,0.038174263,Gad2-LGN
01486_20210315_Analyzed_0004_031,0.433424458,0.033971468,Gad2-LGN
01486_20210315_Analyzed_0004_032,0.248821861,0.015376976,Gad2-LGN
01486_20210315_Analyzed_0004_033,0.265010214,0.001258571,Gad2-LGN
01486_20210315_Analyzed_0004_034,0.271963714,0.013906757,Gad2-LGN
01486_20210315_Analyzed_0004_035,0.359572074,0.289993145,Gad2-LGN
01486_20210315_Analyzed_0004_036,0.298557747,0.041812173,Gad2-LGN
01486_20210315_Analyzed_0004_037,0.491061621,0.051998166,Gad2-LGN
01486_20210315_Analyzed_0004_038,0.316632122,0.059623151,Gad2-LGN
01486_20210315_Analyzed_0004_039,1.11844866,-0.014864016,Gad2-LGN
01486_20210315_Analyzed_0004_040,1.001247403,0.218828632,Gad2-LGN
01486_20210315_Analyzed_0004_041,1.133509904,0.049188445,Gad2-LGN
01486_20210315_Analyzed_0004_042,0.877509473,0.088847255,Gad2-LGN
01486_20210315_Analyzed_0004_043,2.279445192,0.246232916,Gad2-LGN
01486_20210315_Analyzed_0004_044,0.440583095,0.363425752,Gad2-LGN
01486_20210315_Analyzed_0004_045,0.72607464,0.033300012,Gad2-LGN
01486_20210315_Analyzed_0004_046,1.320157581,-0.432361099,Gad2-LGN
01486_20210315_Analyzed_0004_047,0.488647089,0.028244397,Gad2-LGN
01486_20210315_Analyzed_0004_048,0.371337679,-0.007389025,Gad2-LGN
01486_20210315_Analyzed_0004_049,0.150134207,-0.07699402,Gad2-LGN
01486_20210315_Analyzed_0004_050,0.821789944,0.120873348,Gad2-LGN
01486_20210315_Analyzed_0004_051,0.278068731,0.071375734,Gad2-LGN
01486_20210315_Analyzed_0004_052,0.275249753,0.046524118,Gad2-LGN
01486_20210315_Analyzed_0004_054,0.365884891,0.020589274,Gad2-LGN
01486_20210315_Analyzed_0004_055,0.288781929,0.042693157,Gad2-LGN
01486_20210315_Analyzed_0004_056,0.323696123,0.010338902,Gad2-LGN
01486_20210315_Analyzed_0004_057,0.093966273,0.044957095,Gad2-LGN
01486_20210315_Analyzed_0004_058,0.386152266,-0.055527205,Gad2-LGN
01486_20210315_Analyzed_0004_059,0.19466207,0.067811937,Gad2-LGN
01486_20210315_Analyzed_0004_060,0.512657598,-0.024860677,Gad2-LGN
01486_20210315_Analyzed_0004_061,0.502435215,0.079218751,Gad2-LGN
01486_20210315_Analyzed_0004_062,0.309045751,0.139157397,Gad2-LGN
01486_20210315_Analyzed_0004_063,0.23626308,0.041857137,Gad2-LGN
01486_20210315_Analyzed_0004_064,0.355707428,0.096772065,Gad2-LGN
01486_20210315_Analyzed_0004_065,0.430202953,-0.101510219,Gad2-LGN
01486_20210315_Analyzed_0004_066,0.263479555,0.005606422,Gad2-LGN
01486_20210315_Analyzed_0004_067,0.48231881,0.029415959,Gad2-LGN
01486_20210315_Analyzed_0004_068,0.194466618,0.003432096,Gad2-LGN
01486_20210315_Analyzed_0004_069,0.380380266,0.089840516,Gad2-LGN
01486_20210315_Analyzed_0004_070,0.204472977,0.043111001,Gad2-LGN
01486_20210315_Analyzed_0004_071,0.268663271,0.009397432,Gad2-LGN
01486_20210315_Analyzed_0004_072,0.178175257,0.018349986,Gad2-LGN
01486_20210315_Analyzed_0004_073,0.248605735,0.025616196,Gad2-LGN
01486_20210315_Analyzed_0004_074,0.257075065,0.02334577,Gad2-LGN
01486_20210315_Analyzed_0004_075,0.290882862,0.00507866,Gad2-LGN
01486_20210315_Analyzed_0004_076,0.235996056,0.007868619,Gad2-LGN
01486_20210315_Analyzed_0004_077,0.236140679,0.007961423,Gad2-LGN
01486_20210315_Analyzed_0004_078,0.258676284,0.020618647,Gad2-LGN
01486_20210315_Analyzed_0004_079,0.259704329,0.022746706,Gad2-LGN
01486_20210315_Analyzed_0004_080,0.16989084,0.05239121,Gad2-LGN
01486_20210315_Analyzed_0004_081,0.10942473,-0.044489882,Gad2-LGN
01486_20210315_Analyzed_0004_082,0.114392202,-0.0227613,Gad2-LGN
01486_20210315_Analyzed_0004_083,0.098675862,0.051768801,Gad2-LGN
01486_20210315_Analyzed_0004_084,0.302864941,0.035085612,Gad2-LGN
01486_20210315_Analyzed_0004_085,0.132584954,-0.066585069,Gad2-LGN
01486_20210315_Analyzed_0004_086,0.184683219,0.019112364,Gad2-LGN
01486_20210315_Analyzed_0004_087,0.227278601,0.006383615,Gad2-LGN
01486_20210315_Analyzed_0004_088,0.181608432,0.008825705,Gad2-LGN
01486_20210315_Analyzed_0004_089,0.207575754,0.010726005,Gad2-LGN
01486_20210315_Analyzed_0004_090,0.199591438,-0.001780685,Gad2-LGN
01486_20210315_Analyzed_0004_093,0.213092505,0.013824131,Gad2-LGN
01486_20210315_Analyzed_0004_094,0.203043184,0.024898439,Gad2-LGN
01486_20210315_Analyzed_0004_095,0.125842183,-0.040032569,Gad2-LGN
01486_20210315_Analyzed_0004_096,0.230809127,0.005156867,Gad2-LGN
01486_20210315_Analyzed_0004_097,0.161859079,-0.015054003,Gad2-LGN
01486_20210315_Analyzed_0004_098,0.144946159,-0.001450048,Gad2-LGN
01486_20210315_Analyzed_0004_099,0.132289652,0.002479032,Gad2-LGN
01486_20210315_Analyzed_0004_100,0.132671972,-0.007048464,Gad2-LGN
01486_20210315_Analyzed_0004_101,0.161803162,0.01667767,Gad2-LGN
01486_20210315_Analyzed_0004_102,0.165066997,0.009372046,Gad2-LGN
01486_20210315_Analyzed_0004_103,0.158025299,0.019814755,Gad2-LGN
01486_20210315_Analyzed_0004_104,0.138817077,0.002590338,Gad2-LGN
01486_20210315_Analyzed_0004_105,0.22791342,-0.021582182,Gad2-LGN
01486_20210315_Analyzed_0004_106,0.217333551,0.0046253,Gad2-LGN
01486_20210315_Analyzed_0004_107,0.181995342,0.003008516,Gad2-LGN
01486_20210315_Analyzed_0004_109,0.248135988,-0.02499478,Gad2-LGN
01486_20210315_Analyzed_0004_110,0.202037235,-0.014164879,Gad2-LGN
01486_20210315_Analyzed_0004_111,0.16455173,-0.001229258,Gad2-LGN
01486_20210315_Analyzed_0004_112,0.162584922,0.019807984,Gad2-LGN
01486_20210315_Analyzed_0004_113,0.230312018,0.038843174,Gad2-LGN
01486_20210315_Analyzed_0004_114,0.126899862,-0.002927255,Gad2-LGN
01486_20210315_Analyzed_0004_115,0.160855417,0.012697487,Gad2-LGN
01486_20210315_Analyzed_0004_116,0.147749679,-0.009314459,Gad2-LGN
01486_20210315_Analyzed_0004_117,0.221711877,-0.003408588,Gad2-LGN
01486_20210315_Analyzed_0004_118,0.176367346,-0.014262238,Gad2-LGN
01486_20210315_Analyzed_0004_119,0.152179246,-0.022670349,Gad2-LGN
01486_20210315_Analyzed_0004_121,0.212238729,-0.0054444,Gad2-LGN
01486_20210315_Analyzed_0004_122,0.265273886,-0.008981444,Gad2-LGN
01486_20210315_Analyzed_0004_123,0.185895696,-0.008537389,Gad2-LGN
01486_20210315_Analyzed_0004_124,0.153020726,0.005301366,Gad2-LGN
01486_20210315_Analyzed_0004_125,0.142739392,-0.014736364,Gad2-LGN
01486_20210315_Analyzed_0004_126,0.21701602,-0.002726654,Gad2-LGN
01486_20210315_Analyzed_0004_128,0.178523718,-0.006796627,Gad2-LGN
01486_20210315_Analyzed_0004_130,0.137817275,0.048226626,Gad2-LGN
01486_20210315_Analyzed_0004_131,0.34313104,0.208927642,Gad2-LGN
01486_20210315_Analyzed_0004_132,0.164247043,0.90508889,Gad2-LGN
01486_20210315_Analyzed_0004_133,0.082543708,0.47969917,Gad2-LGN
01486_20210315_Analyzed_0004_134,0.462924421,0.008127495,Gad2-LGN
01486_20210315_Analyzed_0004_135,0.283576989,0.071258516,Gad2-LGN
01486_20210315_Analyzed_0004_136,0.33777698,0.001462798,Gad2-LGN
01486_20210315_Analyzed_0004_138,0.252863265,0.012407585,Gad2-LGN
01486_20210315_Analyzed_0004_139,0.386059173,-0.010257781,Gad2-LGN
01486_20210315_Analyzed_0004_140,0.460571547,0.001618613,Gad2-LGN
01486_20210315_Analyzed_0004_141,0.50952508,-0.01242917,Gad2-LGN
01486_20210315_Analyzed_0004_142,0.186908018,0.005966793,Gad2-LGN
01486_20210315_Analyzed_0004_143,0.134406915,-0.000120816,Gad2-LGN
01486_20210315_Analyzed_0004_145,0.143706502,0.016544173,Gad2-LGN
01486_20210315_Analyzed_0004_146,0.080953044,-0.012357974,Gad2-LGN
01486_20210315_Analyzed_0004_147,0.712175997,-0.036383505,Gad2-LGN
01486_20210315_Analyzed_0004_148,0.347962436,-0.006786843,Gad2-LGN
01486_20210315_Analyzed_0004_149,0.128630565,0.554137286,Gad2-LGN
01486_20210315_Analyzed_0004_150,0.215362541,0.035007772,Gad2-LGN
01486_20210315_Analyzed_0004_152,0.201836712,-0.014255357,Gad2-LGN
01486_20210315_Analyzed_0004_153,0.081122971,0.069800071,Gad2-LGN
01486_20210315_Analyzed_0004_154,0.062906906,-0.247928976,Gad2-LGN
01486_20210315_Analyzed_0004_155,0.232600216,0.037137029,Gad2-LGN
01486_20210315_Analyzed_0004_156,1.185904552,-0.111413136,Gad2-LGN
01488_20210315_Analyzed_0001_001,0.176288143,0.151674699,Gad2-LGN
01488_20210315_Analyzed_0001_002,0.268330402,0.117464302,Gad2-LGN
01488_20210315_Analyzed_0001_004,0.155933302,-0.053443223,Gad2-LGN
01488_20210315_Analyzed_0001_006,0.26866009,0.118076484,Gad2-LGN
01488_20210315_Analyzed_0001_007,0.253528332,0.053145969,Gad2-LGN
01488_20210315_Analyzed_0001_008,0.168531165,0.107035274,Gad2-LGN
01488_20210315_Analyzed_0001_009,0.111567175,0.002809076,Gad2-LGN
01488_20210315_Analyzed_0001_010,0.272242133,-0.001100204,Gad2-LGN
01488_20210315_Analyzed_0001_011,0.120027261,-0.005785127,Gad2-LGN
01488_20210315_Analyzed_0001_012,0.398516084,0.296576958,Gad2-LGN
01488_20210315_Analyzed_0001_013,0.169730904,0.01785133,Gad2-LGN
01488_20210315_Analyzed_0001_015,0.227479464,0.071227137,Gad2-LGN
01488_20210315_Analyzed_0001_016,0.218334486,0.065290128,Gad2-LGN
01488_20210315_Analyzed_0001_018,0.182360252,0.006609565,Gad2-LGN
01488_20210315_Analyzed_0001_019,0.202332288,0.465525665,Gad2-LGN
01488_20210315_Analyzed_0001_020,0.187244186,-0.023145406,Gad2-LGN
01488_20210315_Analyzed_0001_023,0.134192459,-0.066779366,Gad2-LGN
01488_20210315_Analyzed_0001_024,0.164532058,-0.05883198,Gad2-LGN
01488_20210315_Analyzed_0001_025,0.291027597,-0.000325004,Gad2-LGN
01488_20210315_Analyzed_0001_026,0.119370205,-0.015262085,Gad2-LGN
01488_20210315_Analyzed_0001_028,0.14774736,0.194075832,Gad2-LGN
01488_20210315_Analyzed_0001_029,0.23038827,0.029134484,Gad2-LGN
01488_20210315_Analyzed_0001_030,0.208007386,-0.046038495,Gad2-LGN
01488_20210315_Analyzed_0001_032,0.13667721,-0.141078586,Gad2-LGN
01488_20210315_Analyzed_0001_034,0.220775935,-0.07468411,Gad2-LGN
01488_20210315_Analyzed_0001_035,0.112183781,0.009339024,Gad2-LGN
01488_20210315_Analyzed_0001_036,0.276889531,0.679610397,Gad2-LGN
01488_20210315_Analyzed_0001_038,0.256321257,2.606488257,Gad2-LGN
01488_20210315_Analyzed_0001_039,0.295083204,-0.039670649,Gad2-LGN
01488_20210315_Analyzed_0001_040,0.228268287,-0.049483772,Gad2-LGN
01488_20210315_Analyzed_0001_041,0.160059657,-0.141160883,Gad2-LGN
01488_20210315_Analyzed_0001_042,0.106325754,-0.047939048,Gad2-LGN
01488_20210315_Analyzed_0001_043,0.173359032,-0.057196521,Gad2-LGN
01488_20210315_Analyzed_0001_044,0.102848484,-0.030379476,Gad2-LGN
01488_20210315_Analyzed_0001_047,0.168308167,-0.091610057,Gad2-LGN
01488_20210315_Analyzed_0001_049,0.107223558,-0.058688079,Gad2-LGN
01488_20210315_Analyzed_0001_050,0.08888284,-0.051828201,Gad2-LGN
01488_20210315_Analyzed_0001_051,0.257087916,-0.065218067,Gad2-LGN
01488_20210315_Analyzed_0001_054,0.106595536,-0.019825295,Gad2-LGN
01488_20210315_Analyzed_0001_055,0.102291379,-0.019358367,Gad2-LGN
01488_20210315_Analyzed_0001_058,0.34103225,0.236711314,Gad2-LGN
01488_20210315_Analyzed_0001_060,0.058890479,-0.022222472,Gad2-LGN
01488_20210315_Analyzed_0001_061,0.401893254,0.04215356,Gad2-LGN
01488_20210315_Analyzed_0001_062,0.087549828,-0.049808982,Gad2-LGN
01488_20210315_Analyzed_0001_063,0.124738997,-0.373869065,Gad2-LGN
01488_20210315_Analyzed_0001_064,0.203228528,-0.127631006,Gad2-LGN
01488_20210315_Analyzed_0001_066,0.283069996,-0.030832474,Gad2-LGN
01488_20210315_Analyzed_0001_067,0.22221701,-0.15479089,Gad2-LGN
01488_20210315_Analyzed_0001_069,0.297331128,3.025540116,Gad2-LGN
01488_20210315_Analyzed_0001_070,0.156040135,-0.022333112,Gad2-LGN
01488_20210315_Analyzed_0001_071,0.129401264,-1.910187695,Gad2-LGN
01488_20210315_Analyzed_0002_005,0.130346062,0.231056517,Gad2-LGN
01488_20210315_Analyzed_0002_006,0.10371792,-0.16316405,Gad2-LGN
01488_20210315_Analyzed_0002_009,0.210217354,-0.109760702,Gad2-LGN
01488_20210315_Analyzed_0002_012,0.108087421,-0.501565374,Gad2-LGN
01488_20210315_Analyzed_0002_014,0.1317455,0.164042964,Gad2-LGN
01488_20210315_Analyzed_0002_015,0.141728351,0.013856856,Gad2-LGN
01488_20210315_Analyzed_0002_016,0.132681065,-0.215459067,Gad2-LGN
01488_20210315_Analyzed_0002_017,0.178812819,-0.028255808,Gad2-LGN
01488_20210315_Analyzed_0002_018,0.064083519,-0.030806206,Gad2-LGN
01488_20210315_Analyzed_0002_022,0.10129309,-0.011257168,Gad2-LGN
01488_20210315_Analyzed_0002_023,0.081980656,0.001558878,Gad2-LGN
01488_20210315_Analyzed_0002_025,0.177553537,-0.000152423,Gad2-LGN
01488_20210315_Analyzed_0002_027,0.137504549,0.078618973,Gad2-LGN
01488_20210315_Analyzed_0002_029,0.093915548,0.264462815,Gad2-LGN
01488_20210315_Analyzed_0002_030,0.083360508,-0.008331432,Gad2-LGN
01488_20210315_Analyzed_0002_033,0.044543579,-0.10909659,Gad2-LGN
01488_20210315_Analyzed_0002_034,0.084212934,-0.102746477,Gad2-LGN
01488_20210315_Analyzed_0002_036,0.511867086,-1.209278001,Gad2-LGN
01488_20210315_Analyzed_0002_037,0.265791812,0.192323042,Gad2-LGN
01488_20210315_Analyzed_0002_039,0.146433092,0.387065502,Gad2-LGN
01488_20210315_Analyzed_0002_040,0.117212662,0.301705913,Gad2-LGN
01488_20210315_Analyzed_0002_041,0.087724219,0.003866301,Gad2-LGN
01488_20210315_Analyzed_0002_042,0.095697541,0.031100371,Gad2-LGN
01488_20210315_Analyzed_0002_043,0.107049084,-0.095035324,Gad2-LGN
01488_20210315_Analyzed_0002_046,0.243369589,0.387507895,Gad2-LGN
01488_20210315_Analyzed_0002_047,0.10171068,-3.374769596,Gad2-LGN
01488_20210315_Analyzed_0002_048,0.173628882,-0.003453858,Gad2-LGN
01488_20210315_Analyzed_0002_052,0.047780244,0.001797188,Gad2-LGN
01488_20210315_Analyzed_0002_053,0.126182721,0.021669966,Gad2-LGN
01488_20210315_Analyzed_0002_056,0.1060488,-0.380482588,Gad2-LGN
01488_20210315_Analyzed_0002_058,0.122871087,0.017583146,Gad2-LGN
01488_20210315_Analyzed_0002_059,0.221481607,-0.129308441,Gad2-LGN
01488_20210315_Analyzed_0002_061,0.118377663,-0.044725013,Gad2-LGN
01488_20210315_Analyzed_0002_062,0.061274613,0.073282444,Gad2-LGN
01488_20210315_Analyzed_0002_063,0.052034093,-0.007754538,Gad2-LGN
01488_20210315_Analyzed_0002_067,0.20181446,0.096705978,Gad2-LGN
01488_20210315_Analyzed_0002_069,0.233977709,-0.258601011,Gad2-LGN
01488_20210315_Analyzed_0002_070,0.245272809,-0.073359929,Gad2-LGN
01488_20210315_Analyzed_0002_072,0.142419322,-0.095996565,Gad2-LGN
01488_20210315_Analyzed_0002_073,0.154698694,-0.101130742,Gad2-LGN
01488_20210315_Analyzed_0002_074,0.051832115,-0.198203593,Gad2-LGN
01488_20210315_Analyzed_0002_075,0.120924846,-0.125574318,Gad2-LGN
01488_20210315_Analyzed_0002_076,0.297041854,-0.142070615,Gad2-LGN
01488_20210315_Analyzed_0002_077,0.211274729,0.054888617,Gad2-LGN
01488_20210315_Analyzed_0002_078,0.093124748,0.042177598,Gad2-LGN
01488_20210315_Analyzed_0002_081,0.091767621,-0.027796789,Gad2-LGN
01488_20210315_Analyzed_0002_082,0.197438605,-0.039570676,Gad2-LGN
01488_20210315_Analyzed_0002_083,0.110755027,-0.072881888,Gad2-LGN
01488_20210315_Analyzed_0002_084,0.098973841,0.037275966,Gad2-LGN
01488_20210315_Analyzed_0002_086,0.756167027,0.501877475,Gad2-LGN
01488_20210315_Analyzed_0002_088,0.125395769,0.310390715,Gad2-LGN
01488_20210315_Analyzed_0002_089,0.10109822,0.030124037,Gad2-LGN
01488_20210315_Analyzed_0002_090,0.129525847,1.140917037,Gad2-LGN
01488_20210315_Analyzed_0002_092,0.055362705,-1.554153518,Gad2-LGN
01488_20210315_Analyzed_0002_094,0.258638292,0.094281447,Gad2-LGN
01488_20210315_Analyzed_0002_095,0.170599212,-0.016900088,Gad2-LGN
01488_20210315_Analyzed_0002_098,0.156986209,-0.03321784,Gad2-LGN
01488_20210315_Analyzed_0002_099,0.072315189,-0.02383849,Gad2-LGN
01488_20210315_Analyzed_0002_100,0.075406711,0.018152764,Gad2-LGN
01488_20210315_Analyzed_0002_102,0.142867466,0.022198463,Gad2-LGN
01488_20210315_Analyzed_0002_103,0.156341906,-0.008929948,Gad2-LGN
01488_20210315_Analyzed_0002_104,0.112690055,0.024572161,Gad2-LGN
01488_20210315_Analyzed_0003_000,0.103826679,0.227529272,Gad2-LGN
01488_20210315_Analyzed_0003_003,0.078682369,-0.36147758,Gad2-LGN
01488_20210315_Analyzed_0003_005,0.053600559,-0.506749756,Gad2-LGN
01488_20210315_Analyzed_0003_006,0.058163587,-1.104567866,Gad2-LGN
01488_20210315_Analyzed_0003_007,0.196334737,0.173832662,Gad2-LGN
01488_20210315_Analyzed_0003_009,0.247363294,0.027310158,Gad2-LGN
01488_20210315_Analyzed_0003_010,0.115749971,0.593673013,Gad2-LGN
01488_20210315_Analyzed_0003_011,0.126039352,-0.011783658,Gad2-LGN
01488_20210315_Analyzed_0003_012,0.231800798,-0.315025038,Gad2-LGN
01488_20210315_Analyzed_0003_013,0.224501771,-0.074829149,Gad2-LGN
01488_20210315_Analyzed_0003_014,0.130390159,-0.334205195,Gad2-LGN
01488_20210315_Analyzed_0003_015,0.529894177,1.198028524,Gad2-LGN
01488_20210315_Analyzed_0003_016,0.269334571,0.25544511,Gad2-LGN
01488_20210315_Analyzed_0003_017,0.266271929,0.030472492,Gad2-LGN
01488_20210315_Analyzed_0003_018,0.126959952,-0.024318979,Gad2-LGN
01488_20210315_Analyzed_0003_020,0.243075081,0.065159915,Gad2-LGN
01488_20210315_Analyzed_0003_021,0.199461102,0.055477948,Gad2-LGN
01488_20210315_Analyzed_0003_022,0.385125479,4.267914753,Gad2-LGN
01488_20210315_Analyzed_0003_024,0.263092059,-0.153073312,Gad2-LGN
01488_20210315_Analyzed_0003_026,0.233911164,-0.228109998,Gad2-LGN
01488_20210315_Analyzed_0003_027,0.073855139,0.471516191,Gad2-LGN
01488_20210315_Analyzed_0003_028,0.257808591,-0.664800484,Gad2-LGN
01488_20210315_Analyzed_0003_029,0.381710167,0.234318165,Gad2-LGN
01488_20210315_Analyzed_0003_030,0.251778911,-0.216623248,Gad2-LGN
01488_20210315_Analyzed_0003_031,0.481278967,1.883870107,Gad2-LGN
01488_20210315_Analyzed_0003_032,0.120270783,0.901335714,Gad2-LGN
01488_20210315_Analyzed_0003_033,0.161509215,1.911435072,Gad2-LGN
01488_20210315_Analyzed_0003_035,0.128516476,-1.16973055,Gad2-LGN
01488_20210315_Analyzed_0003_036,0.160342904,-0.033898688,Gad2-LGN
01488_20210315_Analyzed_0003_037,0.257321119,0.587254251,Gad2-LGN
01488_20210315_Analyzed_0003_038,0.237050126,0.589226657,Gad2-LGN
01488_20210315_Analyzed_0003_040,0.297381385,0.04010074,Gad2-LGN
01488_20210315_Analyzed_0003_041,0.130789811,-0.072433664,Gad2-LGN
01488_20210315_Analyzed_0003_042,0.224220966,-0.30614302,Gad2-LGN
01488_20210315_Analyzed_0003_043,0.15013121,-0.010405388,Gad2-LGN
01488_20210315_Analyzed_0003_044,0.101452888,-0.005117422,Gad2-LGN
01488_20210315_Analyzed_0003_045,0.304646677,0.441029447,Gad2-LGN
01488_20210315_Analyzed_0003_046,0.2139315,-0.523649459,Gad2-LGN
01488_20210315_Analyzed_0003_047,0.192368346,0.092014085,Gad2-LGN
01488_20210315_Analyzed_0003_050,0.133996129,-0.127495158,Gad2-LGN
01488_20210315_Analyzed_0003_051,0.204171749,0.374060758,Gad2-LGN
01488_20210315_Analyzed_0003_052,0.110485417,-0.248001481,Gad2-LGN
01488_20210315_Analyzed_0003_053,0.094461686,-0.090488227,Gad2-LGN
01488_20210315_Analyzed_0003_057,0.080956287,1.365654019,Gad2-LGN
01488_20210315_Analyzed_0003_058,0.060477858,-0.410961927,Gad2-LGN
01488_20210315_Analyzed_0003_059,0.269677324,0.011523794,Gad2-LGN
01488_20210315_Analyzed_0003_060,0.175662907,-0.047827182,Gad2-LGN
01488_20210315_Analyzed_0003_061,0.073221063,0.012795573,Gad2-LGN
01488_20210315_Analyzed_0003_062,0.061173601,0.017996517,Gad2-LGN
01488_20210315_Analyzed_0003_063,0.087283102,-0.051006306,Gad2-LGN
01488_20210315_Analyzed_0003_064,0.121711386,-0.137445607,Gad2-LGN
01488_20210315_Analyzed_0003_065,0.756937313,-0.437342843,Gad2-LGN
01488_20210315_Analyzed_0003_066,0.215558683,-0.018423426,Gad2-LGN
01488_20210315_Analyzed_0003_067,0.102809339,-0.070808942,Gad2-LGN
01488_20210315_Analyzed_0003_068,0.101080074,-0.818818973,Gad2-LGN
01488_20210315_Analyzed_0003_072,0.051580801,-0.092532238,Gad2-LGN
01488_20210315_Analyzed_0003_073,0.062486318,-0.150952507,Gad2-LGN
01488_20210315_Analyzed_0003_074,0.248124037,0.049189727,Gad2-LGN
01488_20210315_Analyzed_0003_075,0.052013594,-0.036451203,Gad2-LGN
01488_20210315_Analyzed_0003_076,0.148553195,-0.11616488,Gad2-LGN
01488_20210315_Analyzed_0003_077,0.060572292,-0.193453314,Gad2-LGN
01488_20210315_Analyzed_0003_078,0.095890211,-0.154823188,Gad2-LGN
01488_20210315_Analyzed_0003_079,0.124545981,-0.073310388,Gad2-LGN
01488_20210315_Analyzed_0003_081,0.123254437,-0.091590245,Gad2-LGN
01488_20210315_Analyzed_0003_083,0.109545216,0.003740167,Gad2-LGN
01488_20210315_Analyzed_0003_084,0.841582921,0.164448204,Gad2-LGN
01488_20210315_Analyzed_0003_086,0.386915347,0.055885677,Gad2-LGN
01488_20210315_Analyzed_0003_087,0.169891705,0.022829075,Gad2-LGN
01488_20210315_Analyzed_0003_088,0.370431018,-0.072198383,Gad2-LGN
01488_20210315_Analyzed_0003_089,0.212880829,0.082756084,Gad2-LGN
01488_20210315_Analyzed_0003_090,0.113716352,-0.075536382,Gad2-LGN
01488_20210315_Analyzed_0003_091,0.405482929,4.923077669,Gad2-LGN
01488_20210315_Analyzed_0003_092,0.128917809,-0.149397617,Gad2-LGN
01488_20210315_Analyzed_0003_093,0.431342444,1.846321603,Gad2-LGN
01488_20210315_Analyzed_0003_094,0.192130721,-0.640206495,Gad2-LGN
01488_20210315_Analyzed_0003_095,0.232599579,7.891661279,Gad2-LGN
01488_20210315_Analyzed_0003_096,0.394303217,-2.283413458,Gad2-LGN
01488_20210315_Analyzed_0003_097,0.086973607,0.041313918,Gad2-LGN
01488_20210315_Analyzed_0003_098,0.139099388,0.03044644,Gad2-LGN
01488_20210315_Analyzed_0003_099,0.444198809,-0.085480229,Gad2-LGN
01488_20210315_Analyzed_0004_000,0.060496536,-0.327632552,Gad2-LGN
01488_20210315_Analyzed_0004_001,0.052428701,-0.126528485,Gad2-LGN
01488_20210315_Analyzed_0004_002,0.138788716,-0.01437123,Gad2-LGN
01488_20210315_Analyzed_0004_005,0.35863503,-0.073119888,Gad2-LGN
01488_20210315_Analyzed_0004_006,0.139286268,-0.0290047,Gad2-LGN
01488_20210315_Analyzed_0004_010,0.205890564,-0.050748016,Gad2-LGN
01488_20210315_Analyzed_0004_012,0.231085349,-0.224334491,Gad2-LGN
01488_20210315_Analyzed_0004_013,0.117824354,-0.401090122,Gad2-LGN
01488_20210315_Analyzed_0004_014,0.074164011,0.151597387,Gad2-LGN
01488_20210315_Analyzed_0004_015,0.196729595,-0.073709939,Gad2-LGN
01488_20210315_Analyzed_0004_016,0.221190849,0.312934443,Gad2-LGN
01488_20210315_Analyzed_0004_017,0.22793676,-0.605473852,Gad2-LGN
01488_20210315_Analyzed_0004_019,0.275389235,0.588371129,Gad2-LGN
01488_20210315_Analyzed_0004_020,0.115267083,-1.729167186,Gad2-LGN
01488_20210315_Analyzed_0004_021,0.149908403,0.024164333,Gad2-LGN
01488_20210315_Analyzed_0004_024,0.190430826,0.253765141,Gad2-LGN
01488_20210315_Analyzed_0004_025,0.178755687,-0.228258982,Gad2-LGN
01488_20210315_Analyzed_0004_026,0.227658269,-0.024615179,Gad2-LGN
01488_20210315_Analyzed_0004_028,0.105118427,-0.002657336,Gad2-LGN
01488_20210315_Analyzed_0004_029,0.138973457,-0.009816851,Gad2-LGN
01488_20210315_Analyzed_0004_030,0.139609607,-0.334253435,Gad2-LGN
01488_20210315_Analyzed_0004_031,0.104287074,-0.095668788,Gad2-LGN
01488_20210315_Analyzed_0004_032,0.125525985,-0.106295466,Gad2-LGN
01488_20210315_Analyzed_0004_034,0.128718674,0.186657872,Gad2-LGN
01488_20210315_Analyzed_0004_035,0.085794979,-0.049751325,Gad2-LGN
01488_20210315_Analyzed_0004_036,0.09138001,0.044631298,Gad2-LGN
01488_20210315_Analyzed_0004_037,0.127403242,0.157723898,Gad2-LGN
01488_20210315_Analyzed_0004_038,0.079424977,-0.753696931,Gad2-LGN
01488_20210315_Analyzed_0004_041,0.093653304,-0.044826834,Gad2-LGN
01488_20210315_Analyzed_0004_042,0.249451642,0.172129074,Gad2-LGN
01488_20210315_Analyzed_0004_043,0.240365177,0.008373294,Gad2-LGN
01488_20210315_Analyzed_0004_044,0.10107021,-0.06260889,Gad2-LGN
01488_20210315_Analyzed_0004_046,0.141724097,0.456899381,Gad2-LGN
01488_20210315_Analyzed_0004_049,0.038647481,0.126606544,Gad2-LGN
01488_20210315_Analyzed_0004_050,0.12091419,-0.007702181,Gad2-LGN
01488_20210315_Analyzed_0004_051,0.412153204,0.700496378,Gad2-LGN
01488_20210315_Analyzed_0004_052,0.098862005,-0.091845836,Gad2-LGN
01488_20210315_Analyzed_0004_053,0.080603213,-0.05498565,Gad2-LGN
01488_20210315_Analyzed_0004_054,0.09776803,0.084779417,Gad2-LGN
01488_20210315_Analyzed_0004_055,0.314627688,0.326538679,Gad2-LGN
01488_20210315_Analyzed_0004_056,0.2534413,0.067795582,Gad2-LGN
01488_20210315_Analyzed_0004_057,0.161556711,0.003183801,Gad2-LGN
01488_20210315_Analyzed_0004_058,0.116988379,-0.126619506,Gad2-LGN
01488_20210315_Analyzed_0004_059,0.116263339,1.350775883,Gad2-LGN
01488_20210315_Analyzed_0004_061,0.134522686,-0.116114057,Gad2-LGN
01488_20210315_Analyzed_0004_062,0.220915026,0.194162839,Gad2-LGN
01488_20210315_Analyzed_0004_063,0.077964697,0.04035422,Gad2-LGN
01488_20210315_Analyzed_0004_064,0.057053974,-0.058797434,Gad2-LGN
01488_20210315_Analyzed_0004_065,0.601771927,0.488263839,Gad2-LGN
01488_20210315_Analyzed_0004_066,0.347453351,-0.519907192,Gad2-LGN
01488_20210315_Analyzed_0004_068,0.098743609,-0.071250579,Gad2-LGN
01488_20210315_Analyzed_0004_069,0.265551805,-0.077796906,Gad2-LGN
01488_20210315_Analyzed_0004_071,0.106174244,-0.081494718,Gad2-LGN
01488_20210315_Analyzed_0004_072,0.044102231,0.081316778,Gad2-LGN
01488_20210315_Analyzed_0004_073,0.155078542,0.171251307,Gad2-LGN
01488_20210315_Analyzed_0004_074,0.115470081,0.093342495,Gad2-LGN
01488_20210315_Analyzed_0004_075,0.24604412,0.114478254,Gad2-LGN
01488_20210315_Analyzed_0004_077,0.381800981,0.049059676,Gad2-LGN
01488_20210315_Analyzed_0004_078,0.089861495,0.0260062,Gad2-LGN
01488_20210315_Analyzed_0004_079,0.072702796,0.000284963,Gad2-LGN
01488_20210315_Analyzed_0004_080,0.093256423,-0.109296223,Gad2-LGN
01488_20210315_Analyzed_0004_081,0.094043464,-0.021324273,Gad2-LGN
01488_20210315_Analyzed_0004_082,0.185213626,-0.062561171,Gad2-LGN
01488_20210315_Analyzed_0004_083,0.291131376,-0.249886515,Gad2-LGN
01488_20210315_Analyzed_0004_084,0.074754661,-0.014768422,Gad2-LGN
01488_20210315_Analyzed_0004_085,0.059719855,-0.084361872,Gad2-LGN
01488_20210315_Analyzed_0004_086,0.08931026,0.208909041,Gad2-LGN
01488_20210315_Analyzed_0004_088,0.382178825,0.698806718,Gad2-LGN
01488_20210315_Analyzed_0004_089,0.185263177,-1.117030307,Gad2-LGN
01488_20210315_Analyzed_0004_090,0.103219863,-0.094760793,Gad2-LGN
01488_20210315_Analyzed_0004_093,0.080768411,0.023990978,Gad2-LGN
01488_20210315_Analyzed_0004_094,0.131415064,-0.074636733,Gad2-LGN
01488_20210315_Analyzed_0004_096,0.046916414,-0.049459769,Gad2-LGN
01488_20210315_Analyzed_0004_097,0.094209524,-1.293988116,Gad2-LGN
01488_20210315_Analyzed_0004_099,0.069360985,0.19572563,Gad2-LGN
01488_20210315_Analyzed_0004_100,0.198809939,0.446705228,Gad2-LGN
01488_20210315_Analyzed_0004_102,0.257668885,0.013218201,Gad2-LGN
01488_20210315_Analyzed_0004_103,0.192845148,0.06729585,Gad2-LGN
01488_20210315_Analyzed_0004_104,0.503048213,0.768610296,Gad2-LGN
01488_20210315_Analyzed_0004_105,0.265375656,0.805926573,Gad2-LGN
01488_20210315_Analyzed_0004_106,0.191530405,0.026958051,Gad2-LGN
01488_20210315_Analyzed_0004_108,0.099386687,0.120962627,Gad2-LGN
01488_20210315_Analyzed_0004_109,0.140417677,3.124094297,Gad2-LGN
01488_20210315_Analyzed_0004_111,0.111104771,0.033815005,Gad2-LGN
01488_20210315_Analyzed_0004_112,0.099939649,-0.104512741,Gad2-LGN
01488_20210315_Analyzed_0004_113,0.098812303,-0.246811147,Gad2-LGN
01488_20210315_Analyzed_0004_114,0.09106279,0.036574405,Gad2-LGN
01488_20210315_Analyzed_0004_115,0.238289849,8.805998664,Gad2-LGN
01488_20210315_Analyzed_0004_116,0.266996551,0.150772076,Gad2-LGN
01488_20210315_Analyzed_0004_117,0.090144455,-0.113444913,Gad2-LGN
01488_20210315_Analyzed_0004_118,0.08352843,-0.122455027,Gad2-LGN
01488_20210315_Analyzed_0005_000,0.135371784,-0.347507596,Gad2-LGN
01488_20210315_Analyzed_0005_001,0.108977395,-0.047987726,Gad2-LGN
01488_20210315_Analyzed_0005_002,0.270211905,0.091667569,Gad2-LGN
01488_20210315_Analyzed_0005_003,0.283190927,-0.021394424,Gad2-LGN
01488_20210315_Analyzed_0005_004,0.190587602,-0.032784058,Gad2-LGN
01488_20210315_Analyzed_0005_005,0.113686875,-0.363529807,Gad2-LGN
01488_20210315_Analyzed_0005_007,0.178419755,-0.268423189,Gad2-LGN
01488_20210315_Analyzed_0005_010,0.225714479,-0.668545263,Gad2-LGN
01488_20210315_Analyzed_0005_014,0.181881749,0.107373242,Gad2-LGN
01488_20210315_Analyzed_0005_015,0.148313017,-0.069513899,Gad2-LGN
01488_20210315_Analyzed_0005_017,0.151617532,0.191019593,Gad2-LGN
01488_20210315_Analyzed_0005_018,0.11903121,-0.483618275,Gad2-LGN
01488_20210315_Analyzed_0005_019,0.103306464,-0.015815264,Gad2-LGN
01488_20210315_Analyzed_0005_020,0.097319013,-0.085696605,Gad2-LGN
01488_20210315_Analyzed_0005_021,0.059283942,0.909710779,Gad2-LGN
01488_20210315_Analyzed_0005_022,0.066501223,0.080829152,Gad2-LGN
01488_20210315_Analyzed_0005_023,0.107095506,-0.045027998,Gad2-LGN
01488_20210315_Analyzed_0005_024,0.135240473,0.014521553,Gad2-LGN
01488_20210315_Analyzed_0005_027,0.24129479,-0.097320471,Gad2-LGN
01488_20210315_Analyzed_0005_028,0.110021519,0.103330711,Gad2-LGN
01488_20210315_Analyzed_0005_029,0.335633959,1.587795929,Gad2-LGN
01488_20210315_Analyzed_0005_030,0.099164459,0.30458384,Gad2-LGN
01488_20210315_Analyzed_0005_031,0.104346263,0.062281462,Gad2-LGN
01488_20210315_Analyzed_0005_033,0.064095544,0.115169016,Gad2-LGN
01488_20210315_Analyzed_0005_035,0.093169562,0.222327064,Gad2-LGN
01488_20210315_Analyzed_0005_036,0.168758039,0.121310791,Gad2-LGN
01488_20210315_Analyzed_0005_037,0.14577501,-0.034029693,Gad2-LGN
01488_20210315_Analyzed_0005_038,0.158543188,0.094544342,Gad2-LGN
01488_20210315_Analyzed_0005_039,0.082912665,-0.013346067,Gad2-LGN
01488_20210315_Analyzed_0005_040,0.116772981,-0.294961562,Gad2-LGN
01488_20210315_Analyzed_0005_041,0.216792906,0.138365899,Gad2-LGN
01488_20210315_Analyzed_0005_042,0.060081324,-2.309775916,Gad2-LGN
01488_20210315_Analyzed_0005_046,0.064988631,-0.017944176,Gad2-LGN
01488_20210315_Analyzed_0005_047,0.068370278,0.071109073,Gad2-LGN
01488_20210315_Analyzed_0005_048,0.044474205,0.867175999,Gad2-LGN
01488_20210315_Analyzed_0005_050,0.066564183,0.033543675,Gad2-LGN
01488_20210315_Analyzed_0005_051,0.077747371,-0.128598363,Gad2-LGN
01488_20210315_Analyzed_0005_052,0.054311902,-0.003554776,Gad2-LGN
01488_20210315_Analyzed_0005_054,0.052098032,0.008863565,Gad2-LGN
01488_20210315_Analyzed_0005_059,0.038976022,0.04320525,Gad2-LGN
01488_20210315_Analyzed_0005_062,0.092981621,-0.018012254,Gad2-LGN
01488_20210315_Analyzed_0005_063,0.073084519,0.009097069,Gad2-LGN
01488_20210315_Analyzed_0005_064,0.064792217,-0.00542173,Gad2-LGN
01488_20210315_Analyzed_0005_065,0.030455551,0.042193904,Gad2-LGN
01488_20210315_Analyzed_0005_066,0.065763235,0.017960132,Gad2-LGN
01488_20210315_Analyzed_0005_067,0.106463032,0.074203981,Gad2-LGN
01488_20210315_Analyzed_0005_068,0.042210444,-0.049491379,Gad2-LGN
01488_20210315_Analyzed_0005_069,0.088972614,-0.243301061,Gad2-LGN
01488_20210315_Analyzed_0005_070,0.103415696,-0.162498277,Gad2-LGN
01488_20210315_Analyzed_0005_073,0.063083029,0.000449602,Gad2-LGN
01488_20210315_Analyzed_0005_074,0.068763741,0.094857065,Gad2-LGN
01488_20210315_Analyzed_0005_075,0.094976601,-0.011669714,Gad2-LGN
01488_20210315_Analyzed_0005_079,0.085408233,0.000346306,Gad2-LGN
01488_20210315_Analyzed_0005_080,0.132145548,0.010891769,Gad2-LGN
01488_20210315_Analyzed_0005_082,0.239518981,0.099088796,Gad2-LGN
01488_20210315_Analyzed_0005_084,0.10573758,9.449117622,Gad2-LGN
01488_20210315_Analyzed_0005_085,0.041579359,-1.06572464,Gad2-LGN
01488_20210315_Analyzed_0005_086,0.124245386,-1.254936998,Gad2-LGN
01488_20210315_Analyzed_0005_087,0.077656811,0.251974122,Gad2-LGN
01488_20210315_Analyzed_0005_088,0.105395153,-1.086225175,Gad2-LGN
01488_20210315_Analyzed_0005_089,0.091044252,-2.008917509,Gad2-LGN
01488_20210315_Analyzed_0005_090,0.056999759,-0.013818588,Gad2-LGN
01488_20210315_Analyzed_0005_091,0.058720282,0.158337203,Gad2-LGN
01488_20210315_Analyzed_0005_095,0.08549492,-0.010437763,Gad2-LGN
01488_20210315_Analyzed_0005_096,0.240763842,0.239511744,Gad2-LGN
01488_20210315_Analyzed_0005_099,0.085335367,0.067433478,Gad2-LGN
01488_20210315_Analyzed_0005_100,0.085763367,0.084007185,Gad2-LGN
01488_20210315_Analyzed_0005_101,0.089495484,0.158363705,Gad2-LGN
01488_20210315_Analyzed_0005_102,0.139450895,0.557780429,Gad2-LGN
01488_20210315_Analyzed_0005_105,0.06364502,0.348476154,Gad2-LGN
01488_20210315_Analyzed_0005_108,0.138130487,0.060095711,Gad2-LGN
01488_20210315_Analyzed_0005_110,0.069660845,-0.15720682,Gad2-LGN
01488_20210315_Analyzed_0005_113,0.065524776,-0.114589143,Gad2-LGN
01488_20210315_Analyzed_0005_115,0.028796958,0.109474327,Gad2-LGN
01488_20210315_Analyzed_0005_116,0.068544258,-1.115086772,Gad2-LGN
